family,name,ret,dd,sharpe,wr,pf,trades,tpm,e1819,e2020,e2123,e2425,min_era,pos_years,passes,score,error
residual_sweep,rs_0,10.32,5.88,0.222,39.53,1.39,43.0,0.45,-0.16,-0.99,16.99,-5.53,-5.53,4.0,False,0.949,
residual_sweep,rs_1,7.79,8.61,0.17,38.89,1.248,54.0,0.56,-2.17,-1.95,15.49,-3.59,-3.59,2.0,False,2.533,
residual_sweep,rs_2,17.31,5.47,0.285,37.21,1.613,43.0,0.45,0.92,-0.64,21.86,-4.83,-4.83,5.0,False,2.475,
residual_sweep,rs_3,15.99,6.59,0.261,37.04,1.481,54.0,0.56,-1.09,-1.62,20.5,-1.8,-1.8,4.0,False,5.325,
residual_sweep,rs_4,7.02,6.12,0.165,35.29,1.319,34.0,0.35,1.94,-1.01,11.73,-5.65,-5.65,5.0,False,0.385,
residual_sweep,rs_5,4.33,6.62,0.109,33.33,1.165,42.0,0.44,0.91,-2.01,9.56,-4.14,-4.14,4.0,False,1.515,
residual_sweep,rs_6,11.13,6.12,0.204,32.35,1.476,34.0,0.35,3.04,-0.65,14.11,-5.36,-5.36,4.0,False,1.157,
residual_sweep,rs_7,9.19,7.88,0.172,30.95,1.333,42.0,0.44,2.02,-1.67,11.82,-2.99,-2.99,5.0,False,3.272,
residual_sweep,rs_8,16.69,3.92,0.357,46.43,2.155,28.0,0.29,-2.32,0.03,19.84,-0.86,-2.32,5.0,False,5.065,
residual_sweep,rs_9,16.37,5.86,0.343,45.95,1.905,37.0,0.39,-3.31,-0.95,19.6,1.03,-3.31,4.0,False,4.012,
residual_sweep,rs_10,21.72,3.14,0.361,42.86,2.394,28.0,0.29,-2.32,0.38,23.51,0.15,-2.32,5.0,False,5.576,
residual_sweep,rs_11,22.81,4.9,0.37,43.24,2.184,37.0,0.39,-3.31,-0.61,23.55,3.18,-3.31,4.0,False,4.71,
residual_sweep,rs_12,14.98,2.26,0.333,45.45,2.334,22.0,0.23,-1.28,0.03,17.38,-1.14,-1.28,5.0,False,5.882,
residual_sweep,rs_13,14.4,3.25,0.318,42.86,2.029,28.0,0.29,-1.28,-0.97,16.35,0.31,-1.28,4.0,True,25.794,
residual_sweep,rs_14,18.12,2.13,0.318,40.91,2.476,22.0,0.23,-1.28,0.38,19.68,-0.66,-1.28,4.0,False,6.166,
residual_sweep,rs_15,18.42,3.12,0.319,39.29,2.225,28.0,0.29,-1.28,-0.62,18.61,1.71,-1.28,3.0,True,26.198,
residual_sweep,rs_16,4.88,3.17,0.318,54.55,2.058,11.0,0.11,0.0,1.06,4.86,-1.04,-1.04,5.0,False,5.085,
residual_sweep,rs_17,4.59,4.04,0.254,50.0,1.55,20.0,0.21,-1.02,0.04,4.91,0.66,-1.02,5.0,False,4.95,
residual_sweep,rs_18,8.15,3.17,0.411,54.55,2.725,11.0,0.11,0.0,1.43,7.33,-0.6,-0.6,5.0,False,6.033,
residual_sweep,rs_19,9.12,4.38,0.39,50.0,2.071,20.0,0.21,-1.02,0.4,7.64,2.09,-1.02,5.0,False,5.675,
residual_sweep,rs_20,3.65,3.17,0.249,50.0,1.797,10.0,0.1,0.0,1.06,3.61,-1.03,-1.03,5.0,False,4.837,
residual_sweep,rs_21,3.13,4.38,0.192,43.75,1.428,16.0,0.17,0.0,0.04,2.8,0.28,0.0,4.0,False,5.697,
residual_sweep,rs_22,6.45,3.17,0.343,50.0,2.382,10.0,0.1,0.0,1.43,5.62,-0.59,-0.59,5.0,False,5.736,
residual_sweep,rs_23,6.72,4.38,0.322,43.75,1.904,16.0,0.17,0.0,0.4,4.78,1.54,0.0,5.0,False,6.316,
residual_sweep,rs_24,9.62,3.12,0.431,54.55,2.081,22.0,0.23,-0.14,0.03,7.08,2.66,-0.14,7.0,False,8.687,
residual_sweep,rs_25,6.34,5.04,0.262,46.67,1.468,30.0,0.31,-2.15,-0.96,7.01,2.44,-2.15,6.0,False,6.007,
residual_sweep,rs_26,16.36,3.12,0.559,54.55,2.798,22.0,0.23,0.94,0.39,11.24,3.79,0.39,7.0,False,10.143,
residual_sweep,rs_27,13.56,4.67,0.428,46.67,1.979,30.0,0.31,-1.07,-0.62,11.37,3.88,-1.07,6.0,True,28.142,
residual_sweep,rs_28,5.26,2.09,0.316,50.0,1.91,14.0,0.15,1.96,0.03,2.04,1.22,0.03,6.0,False,8.185,
residual_sweep,rs_29,2.24,3.04,0.131,40.0,1.235,20.0,0.21,0.93,-0.99,1.24,1.06,-0.99,4.0,False,4.494,
residual_sweep,rs_30,9.1,2.09,0.423,50.0,2.543,14.0,0.15,3.06,0.4,3.91,1.73,0.4,6.0,False,9.153,
residual_sweep,rs_31,6.31,2.67,0.284,40.0,1.651,20.0,0.21,2.05,-0.64,3.05,1.86,-0.64,5.0,False,5.559,
residual_sweep,rs_32,5.63,2.3,0.317,50.0,1.855,16.0,0.17,-2.3,0.03,5.34,2.56,-2.3,6.0,False,5.9,
residual_sweep,rs_33,3.52,4.24,0.182,43.48,1.343,23.0,0.24,-3.29,-0.95,5.38,2.38,-3.29,5.0,False,2.425,
residual_sweep,rs_34,9.98,2.3,0.434,50.0,2.498,16.0,0.17,-2.3,0.38,8.32,3.58,-2.3,6.0,False,6.569,
residual_sweep,rs_35,8.41,3.9,0.335,43.48,1.809,23.0,0.24,-3.29,-0.61,8.6,3.71,-3.29,5.0,False,3.22,
residual_sweep,rs_36,3.02,1.26,0.216,45.45,1.664,11.0,0.11,-1.26,0.03,3.06,1.2,-1.26,4.0,False,4.473,
residual_sweep,rs_37,1.09,2.3,0.077,37.5,1.15,16.0,0.17,-1.26,-0.97,2.28,1.05,-1.26,3.0,False,4.002,
residual_sweep,rs_38,5.64,1.26,0.315,45.45,2.228,11.0,0.11,-1.26,0.38,4.84,1.67,-1.26,4.0,False,4.933,
residual_sweep,rs_39,3.97,2.3,0.213,37.5,1.539,16.0,0.17,-1.26,-0.62,4.03,1.82,-1.26,3.0,False,4.562,
residual_sweep,rs_40,4.28,1.08,0.312,55.56,2.27,9.0,0.09,-1.08,1.05,3.1,1.21,-1.08,4.0,False,4.972,
residual_sweep,rs_41,2.19,2.3,0.139,43.75,1.309,16.0,0.17,-2.09,0.04,3.18,1.06,-2.09,4.0,False,3.411,
residual_sweep,rs_42,6.93,1.08,0.391,55.56,3.032,9.0,0.09,-1.08,1.41,4.91,1.7,-1.08,4.0,False,5.395,
residual_sweep,rs_43,5.41,2.3,0.265,43.75,1.753,16.0,0.17,-2.09,0.39,5.26,1.84,-2.09,4.0,False,3.985,
residual_sweep,rs_44,3.05,1.08,0.235,50.0,1.91,8.0,0.08,-1.08,1.05,1.88,1.2,-1.08,4.0,False,4.695,
residual_sweep,rs_45,1.12,2.36,0.084,38.46,1.184,13.0,0.14,-1.08,0.04,1.12,1.05,-1.08,3.0,False,4.2,
residual_sweep,rs_46,5.26,1.08,0.315,50.0,2.55,8.0,0.08,-1.08,1.41,3.26,1.67,-1.08,4.0,False,5.076,
residual_sweep,rs_47,3.59,2.3,0.205,38.46,1.583,13.0,0.14,-1.08,0.4,2.46,1.81,-1.08,4.0,False,4.689,
residual_sweep,rs_48,3.84,1.2,0.316,55.56,2.644,9.0,0.09,-1.2,1.05,2.78,1.21,-1.2,4.0,False,4.816,
residual_sweep,rs_49,1.9,2.2,0.145,42.86,1.373,14.0,0.15,-2.2,1.04,2.01,1.05,-2.2,4.0,False,3.275,
residual_sweep,rs_50,5.98,1.2,0.379,55.56,3.554,9.0,0.09,-1.2,1.41,4.09,1.68,-1.2,4.0,False,5.156,
residual_sweep,rs_51,4.31,2.2,0.256,42.86,1.842,14.0,0.15,-2.2,1.39,3.3,1.82,-2.2,4.0,False,3.738,
residual_sweep,rs_52,2.07,0.18,0.359,50.0,7.996,4.0,0.04,-0.18,1.06,0.0,1.19,-0.18,2.0,False,5.742,
residual_sweep,rs_53,1.18,1.75,0.157,37.5,1.572,8.0,0.08,-0.18,1.06,-0.75,1.05,-0.75,2.0,False,4.685,
residual_sweep,rs_54,2.87,0.18,0.373,50.0,10.696,4.0,0.04,-0.18,1.42,0.0,1.63,-0.18,2.0,False,5.85,
residual_sweep,rs_55,2.28,1.75,0.241,37.5,2.104,8.0,0.08,-0.18,1.42,-0.75,1.79,-0.75,2.0,False,4.96,
residual_sweep,rs_56,2.23,1.02,0.285,50.0,2.681,6.0,0.06,-0.18,1.06,0.16,1.19,-0.18,3.0,False,5.61,
residual_sweep,rs_57,0.31,1.73,0.036,36.36,1.077,11.0,0.11,-1.2,1.05,-0.58,1.04,-1.2,3.0,False,2.905,
residual_sweep,rs_58,3.44,1.02,0.343,50.0,3.588,6.0,0.06,-0.18,1.42,0.56,1.64,-0.18,3.0,False,5.847,
residual_sweep,rs_59,1.81,1.52,0.154,36.36,1.443,11.0,0.11,-1.2,1.41,-0.18,1.78,-1.2,3.0,False,4.291,
residual_sweep,rs_60,2.07,0.18,0.359,50.0,7.996,4.0,0.04,-0.18,1.06,0.0,1.19,-0.18,2.0,False,5.742,
residual_sweep,rs_61,1.18,1.75,0.157,37.5,1.572,8.0,0.08,-0.18,1.06,-0.75,1.05,-0.75,2.0,False,4.685,
residual_sweep,rs_62,2.87,0.18,0.373,50.0,10.696,4.0,0.04,-0.18,1.42,0.0,1.63,-0.18,2.0,False,5.85,
residual_sweep,rs_63,2.28,1.75,0.241,37.5,2.104,8.0,0.08,-0.18,1.42,-0.75,1.79,-0.75,2.0,False,4.96,
residual_sweep,rs_64,3.47,0.11,0.491,75.0,31.412,4.0,0.04,0.0,1.06,1.21,1.2,0.0,3.0,False,6.329,
residual_sweep,rs_65,1.53,1.25,0.168,44.44,1.531,9.0,0.09,-1.02,1.05,0.45,1.05,-1.02,3.0,False,4.472,
residual_sweep,rs_66,4.7,0.11,0.495,75.0,41.698,4.0,0.04,0.0,1.43,1.62,1.66,0.0,3.0,False,6.46,
residual_sweep,rs_67,3.05,1.25,0.266,44.44,2.05,9.0,0.09,-1.02,1.41,0.85,1.8,-1.02,3.0,False,4.82,
residual_sweep,rs_68,2.25,0.11,0.393,66.67,20.968,3.0,0.03,0.0,1.06,0.0,1.19,0.0,2.0,False,6.011,
residual_sweep,rs_69,1.36,1.75,0.182,42.86,1.726,7.0,0.07,0.0,1.06,-0.75,1.05,-0.75,2.0,False,4.751,
residual_sweep,rs_70,3.06,0.11,0.399,66.67,27.914,3.0,0.03,0.0,1.43,0.0,1.63,0.0,2.0,False,6.104,
residual_sweep,rs_71,2.47,1.75,0.261,42.86,2.309,7.0,0.07,0.0,1.43,-0.75,1.79,-0.75,2.0,False,5.018,
residual_sweep,rs_72,1.1,7.74,0.046,35.0,1.044,40.0,0.42,-2.31,-1.95,8.21,-2.86,-2.86,3.0,False,1.34,
residual_sweep,rs_73,-0.56,9.9,0.001,35.29,0.981,51.0,0.53,-2.31,-3.22,7.21,-2.24,-3.22,3.0,False,0.722,
residual_sweep,rs_74,1.99,9.71,0.064,30.0,1.073,40.0,0.42,-1.25,-1.62,6.86,-1.99,-1.99,2.0,False,2.335,
residual_sweep,rs_75,1.5,11.43,0.052,31.37,1.047,51.0,0.53,-1.25,-2.92,6.16,-0.5,-2.92,3.0,False,1.338,
residual_sweep,rs_76,1.2,7.13,0.05,32.26,1.06,31.0,0.32,-0.26,-1.99,6.58,-3.13,-3.13,3.0,False,1.091,
residual_sweep,rs_77,-1.37,9.0,-0.025,30.77,0.944,39.0,0.41,-0.26,-2.98,4.7,-2.84,-2.98,3.0,False,0.838,
residual_sweep,rs_78,3.01,8.18,0.091,29.03,1.142,31.0,0.32,0.82,-1.66,6.58,-2.73,-2.73,3.0,False,2.752,
residual_sweep,rs_79,1.15,10.7,0.045,28.21,1.045,39.0,0.41,0.82,-2.66,4.68,-1.69,-2.66,4.0,False,1.549,
residual_sweep,rs_80,1.68,8.27,0.064,34.38,1.085,32.0,0.33,-4.42,-1.91,9.82,-1.81,-4.42,3.0,False,-0.127,
residual_sweep,rs_81,1.04,9.49,0.044,35.71,1.044,42.0,0.44,-4.42,-3.15,9.83,-1.21,-4.42,3.0,False,-0.231,
residual_sweep,rs_82,1.0,8.81,0.042,28.12,1.047,32.0,0.33,-4.42,-1.57,7.91,-0.92,-4.42,2.0,False,-0.239,
residual_sweep,rs_83,1.55,9.63,0.054,30.95,1.061,42.0,0.44,-4.42,-2.82,8.24,0.55,-4.42,3.0,False,-0.16,
residual_sweep,rs_84,1.15,7.3,0.049,30.77,1.069,26.0,0.27,-3.41,-1.93,8.55,-2.06,-3.41,3.0,False,0.804,
residual_sweep,rs_85,-0.41,8.23,0.002,30.3,0.98,33.0,0.34,-3.41,-2.88,7.7,-1.82,-3.41,3.0,False,0.554,
residual_sweep,rs_86,1.86,7.4,0.064,26.92,1.106,26.0,0.27,-3.41,-1.59,8.48,-1.63,-3.41,2.0,False,1.905,
residual_sweep,rs_87,1.05,9.02,0.043,27.27,1.05,33.0,0.34,-3.41,-2.54,7.64,-0.63,-3.41,2.0,False,0.782,
residual_sweep,rs_88,6.11,2.13,0.259,44.44,1.623,18.0,0.19,-1.1,0.03,8.24,-1.05,-1.1,4.0,False,5.028,
residual_sweep,rs_89,6.91,3.12,0.272,46.15,1.55,26.0,0.27,-1.1,-0.97,8.31,0.67,-1.1,3.0,True,25.134,
residual_sweep,rs_90,5.89,3.57,0.227,38.89,1.551,18.0,0.19,-1.1,0.38,7.2,-0.59,-1.1,3.0,False,4.942,
residual_sweep,rs_91,7.94,4.55,0.275,42.31,1.592,26.0,0.27,-1.1,-0.62,7.59,2.07,-1.1,2.0,True,25.243,
residual_sweep,rs_92,5.96,2.13,0.26,43.75,1.683,16.0,0.17,-1.1,0.03,8.09,-1.05,-1.1,4.0,False,5.015,
residual_sweep,rs_93,5.43,3.12,0.227,40.91,1.475,22.0,0.23,-1.1,-0.97,7.22,0.28,-1.1,3.0,False,4.896,
residual_sweep,rs_94,5.32,4.07,0.212,37.5,1.553,16.0,0.17,-1.1,0.38,6.63,-0.59,-1.1,3.0,False,4.855,
residual_sweep,rs_95,5.58,5.52,0.21,36.36,1.455,22.0,0.23,-1.1,-0.62,5.78,1.52,-1.1,2.0,False,4.877,
residual_sweep,rs_96,0.28,5.08,0.023,40.91,1.024,22.0,0.23,-1.19,-0.98,0.01,2.43,-1.19,5.0,False,2.885,
residual_sweep,rs_97,-1.76,6.04,-0.077,37.93,0.887,29.0,0.3,-1.19,-1.96,0.15,1.25,-1.96,4.0,False,1.707,
residual_sweep,rs_98,4.44,4.74,0.205,40.91,1.368,22.0,0.23,-0.12,-0.63,1.79,3.4,-0.63,5.0,False,5.223,
residual_sweep,rs_99,2.92,5.7,0.127,37.93,1.184,29.0,0.3,-0.12,-1.63,2.2,2.47,-1.63,5.0,True,23.914,
residual_sweep,rs_100,0.54,4.1,0.042,40.0,1.069,15.0,0.16,0.89,-1.0,-0.53,1.17,-1.0,3.0,False,3.142,
residual_sweep,rs_101,-2.38,6.24,-0.137,33.33,0.793,21.0,0.22,0.89,-2.0,-1.25,-0.01,-2.0,2.0,False,1.484,
residual_sweep,rs_102,3.34,3.75,0.187,40.0,1.424,15.0,0.16,1.98,-0.64,0.37,1.64,-0.64,4.0,False,5.064,
residual_sweep,rs_103,0.65,5.06,0.041,33.33,1.055,21.0,0.22,1.98,-1.67,-0.38,0.72,-1.67,4.0,False,2.48,
residual_sweep,rs_104,-2.28,5.28,-0.146,35.29,0.761,17.0,0.18,-3.33,-0.95,-0.37,2.37,-3.33,3.0,False,0.154,
residual_sweep,rs_105,-4.26,6.23,-0.239,33.33,0.676,24.0,0.25,-3.33,-1.92,-0.23,1.21,-3.33,2.0,False,-0.23,
residual_sweep,rs_106,0.2,4.94,0.019,35.29,1.021,17.0,0.18,-3.33,-0.61,0.88,3.26,-3.33,3.0,False,0.732,
residual_sweep,rs_107,-1.25,5.9,-0.052,33.33,0.906,24.0,0.25,-3.33,-1.58,1.28,2.37,-3.33,3.0,False,0.445,
residual_sweep,rs_108,-2.64,4.27,-0.203,30.77,0.649,13.0,0.14,-2.3,-0.96,-0.51,1.13,-2.3,2.0,False,1.029,
residual_sweep,rs_109,-5.46,6.41,-0.377,26.32,0.509,19.0,0.2,-2.3,-1.94,-1.21,-0.01,-2.3,1.0,False,0.399,
residual_sweep,rs_110,-0.99,3.93,-0.06,30.77,0.869,13.0,0.14,-2.3,-0.62,0.36,1.57,-2.3,2.0,False,1.48,
residual_sweep,rs_111,-3.57,5.23,-0.21,26.32,0.681,19.0,0.2,-2.3,-1.6,-0.36,0.69,-2.3,2.0,False,0.922,
residual_sweep,rs_112,-0.37,2.09,-0.026,40.0,0.931,10.0,0.1,-1.08,0.03,-0.47,1.16,-1.08,3.0,False,2.831,
residual_sweep,rs_113,-1.36,3.56,-0.088,37.5,0.831,16.0,0.17,-1.08,-0.97,-0.33,1.02,-1.08,2.0,False,2.608,
residual_sweep,rs_114,1.33,2.06,0.099,40.0,1.246,10.0,0.1,-1.08,0.38,0.42,1.61,-1.08,3.0,False,4.251,
residual_sweep,rs_115,0.91,3.54,0.059,37.5,1.112,16.0,0.17,-1.08,-0.62,0.84,1.76,-1.08,2.0,False,4.129,
residual_sweep,rs_116,-0.51,2.09,-0.044,37.5,0.882,8.0,0.08,-1.08,0.03,-0.61,1.16,-1.08,3.0,False,2.781,
residual_sweep,rs_117,-2.37,4.36,-0.193,30.77,0.66,13.0,0.14,-1.08,-0.97,-1.33,1.01,-1.33,1.0,False,2.048,
residual_sweep,rs_118,0.78,2.06,0.067,37.5,1.18,8.0,0.08,-1.08,0.38,-0.12,1.6,-1.08,3.0,False,4.132,
residual_sweep,rs_119,-0.82,3.86,-0.052,30.77,0.884,13.0,0.14,-1.08,-0.62,-0.85,1.73,-1.08,2.0,False,2.734,
residual_sweep,rs_120,3.69,1.2,0.397,57.14,3.803,7.0,0.07,-1.2,1.05,2.63,1.21,-1.2,4.0,False,4.963,
residual_sweep,rs_121,2.79,1.25,0.267,45.45,1.9,11.0,0.11,-1.2,1.05,1.88,1.06,-1.2,4.0,False,4.613,
residual_sweep,rs_122,5.41,1.2,0.448,57.14,5.113,7.0,0.07,-1.2,1.41,3.53,1.67,-1.2,4.0,False,5.237,
residual_sweep,rs_123,4.82,1.25,0.362,45.45,2.543,11.0,0.11,-1.2,1.41,2.77,1.83,-1.2,4.0,False,5.006,
residual_sweep,rs_124,2.07,0.18,0.359,50.0,7.996,4.0,0.04,-0.18,1.06,0.0,1.19,-0.18,2.0,False,5.742,
residual_sweep,rs_125,1.18,1.75,0.157,37.5,1.572,8.0,0.08,-0.18,1.06,-0.75,1.05,-0.75,2.0,False,4.685,
residual_sweep,rs_126,2.87,0.18,0.373,50.0,10.696,4.0,0.04,-0.18,1.42,0.0,1.63,-0.18,2.0,False,5.85,
residual_sweep,rs_127,2.28,1.75,0.241,37.5,2.104,8.0,0.08,-0.18,1.42,-0.75,1.79,-0.75,2.0,False,4.96,
residual_sweep,rs_128,3.28,0.18,0.463,60.0,12.066,5.0,0.05,-0.18,1.06,1.2,1.2,-0.18,3.0,False,6.071,
residual_sweep,rs_129,2.39,1.25,0.278,44.44,2.153,9.0,0.09,-0.18,1.06,0.45,1.06,-0.18,3.0,False,5.612,
residual_sweep,rs_130,4.51,0.18,0.475,60.0,16.134,5.0,0.05,-0.18,1.42,1.61,1.66,-0.18,3.0,False,6.218,
residual_sweep,rs_131,3.92,1.25,0.355,44.44,2.877,9.0,0.09,-0.18,1.42,0.86,1.82,-0.18,3.0,False,5.919,
residual_sweep,rs_132,2.07,0.18,0.359,50.0,7.996,4.0,0.04,-0.18,1.06,0.0,1.19,-0.18,2.0,False,5.742,
residual_sweep,rs_133,1.18,1.75,0.157,37.5,1.572,8.0,0.08,-0.18,1.06,-0.75,1.05,-0.75,2.0,False,4.685,
residual_sweep,rs_134,2.87,0.18,0.373,50.0,10.696,4.0,0.04,-0.18,1.42,0.0,1.63,-0.18,2.0,False,5.85,
residual_sweep,rs_135,2.28,1.75,0.241,37.5,2.104,8.0,0.08,-0.18,1.42,-0.75,1.79,-0.75,2.0,False,4.96,
residual_sweep,rs_136,3.47,0.11,0.491,75.0,31.412,4.0,0.04,0.0,1.06,1.21,1.2,0.0,3.0,False,6.329,
residual_sweep,rs_137,2.58,1.25,0.3,50.0,2.361,8.0,0.08,0.0,1.06,0.45,1.06,0.0,3.0,False,5.858,
residual_sweep,rs_138,4.7,0.11,0.495,75.0,41.698,4.0,0.04,0.0,1.43,1.62,1.66,0.0,3.0,False,6.46,
residual_sweep,rs_139,4.11,1.25,0.372,50.0,3.153,8.0,0.08,0.0,1.43,0.86,1.82,0.0,3.0,False,6.155,
residual_sweep,rs_140,2.25,0.11,0.393,66.67,20.968,3.0,0.03,0.0,1.06,0.0,1.19,0.0,2.0,False,6.011,
residual_sweep,rs_141,1.36,1.75,0.182,42.86,1.726,7.0,0.07,0.0,1.06,-0.75,1.05,-0.75,2.0,False,4.751,
residual_sweep,rs_142,3.06,0.11,0.399,66.67,27.914,3.0,0.03,0.0,1.43,0.0,1.63,0.0,2.0,False,6.104,
residual_sweep,rs_143,2.47,1.75,0.261,42.86,2.309,7.0,0.07,0.0,1.43,-0.75,1.79,-0.75,2.0,False,5.018,
residual_sweep,rs_144,-13.57,18.83,-0.565,28.33,0.559,60.0,0.63,-3.01,-3.45,-2.31,-4.8,-4.8,2.0,False,-7.285,
residual_sweep,rs_145,-13.37,19.15,-0.477,30.56,0.627,72.0,0.75,-3.99,-3.72,-1.29,-4.38,-4.38,2.0,False,-6.672,
residual_sweep,rs_146,-15.51,19.64,-0.618,20.0,0.501,60.0,0.63,-5.33,-3.37,-2.88,-3.93,-5.33,2.0,False,-8.114,
residual_sweep,rs_147,-16.98,20.36,-0.681,18.46,0.473,65.0,0.68,-6.26,-3.63,-3.39,-3.7,-6.26,2.0,False,-9.32,
residual_sweep,rs_148,-10.15,15.62,-0.332,29.17,0.674,48.0,0.5,0.19,-3.42,0.13,-7.06,-7.06,3.0,False,-8.736,
residual_sweep,rs_149,-7.45,14.69,-0.189,29.82,0.796,57.0,0.59,-0.82,-3.38,3.7,-6.94,-6.94,4.0,False,-8.065,
residual_sweep,rs_150,-13.88,18.09,-0.552,20.83,0.511,48.0,0.5,-2.21,-3.34,-3.83,-4.51,-4.51,2.0,False,-7.004,
residual_sweep,rs_151,-14.45,19.44,-0.572,21.05,0.52,57.0,0.59,-3.17,-3.3,-4.89,-3.09,-4.89,2.0,False,-7.478,
residual_sweep,rs_152,-8.75,12.61,-0.302,28.57,0.678,42.0,0.44,-2.35,-2.47,2.06,-5.99,-5.99,2.0,False,-7.471,
residual_sweep,rs_153,-4.28,10.84,-0.106,32.08,0.865,53.0,0.55,-2.35,-2.78,6.55,-5.71,-5.71,4.0,False,-2.348,
residual_sweep,rs_154,-10.24,13.77,-0.323,21.43,0.643,42.0,0.44,-3.16,-2.45,1.22,-5.86,-5.86,1.0,False,-7.531,
residual_sweep,rs_155,-14.19,18.0,-0.549,24.53,0.526,53.0,0.55,-3.16,-2.75,-4.71,-3.57,-4.71,2.0,False,-7.224,
residual_sweep,rs_156,-4.89,10.43,-0.169,31.43,0.783,35.0,0.36,-1.31,-2.35,3.97,-5.21,-5.21,3.0,False,-2.033,
residual_sweep,rs_157,-1.15,9.45,-0.019,32.56,0.957,43.0,0.45,-1.31,-2.35,7.7,-5.2,-5.2,4.0,False,-1.349,
residual_sweep,rs_158,-6.82,11.4,-0.218,22.86,0.718,35.0,0.36,-2.12,-2.33,2.69,-5.07,-5.07,1.0,False,-2.184,
residual_sweep,rs_159,-8.55,13.78,-0.262,23.26,0.698,43.0,0.45,-2.12,-2.33,-0.05,-4.05,-4.05,1.0,False,-5.426,
residual_sweep,rs_160,-9.95,11.1,-0.648,16.67,0.291,18.0,0.19,-1.05,-2.3,-4.92,-1.68,-4.92,2.0,False,-3.215,
residual_sweep,rs_161,-2.58,6.86,-0.09,30.77,0.835,26.0,0.27,-1.05,-2.61,0.32,0.76,-2.61,3.0,False,0.953,
residual_sweep,rs_162,-8.6,10.15,-0.496,16.67,0.389,18.0,0.19,-1.05,-2.3,-3.94,-1.31,-3.94,2.0,False,-1.793,
residual_sweep,rs_163,-6.22,10.99,-0.307,26.92,0.611,26.0,0.27,-1.05,-2.61,-4.5,1.94,-4.5,2.0,False,-1.733,
residual_sweep,rs_164,-6.17,7.36,-0.437,21.43,0.404,14.0,0.15,-1.05,-2.3,-2.05,-0.77,-2.3,2.0,False,0.213,
residual_sweep,rs_165,0.58,4.41,0.034,31.58,1.051,19.0,0.2,-1.05,-2.3,2.47,1.45,-2.3,3.0,False,1.83,
residual_sweep,rs_166,-4.77,6.41,-0.291,21.43,0.541,14.0,0.15,-1.05,-2.3,-1.05,-0.37,-2.3,2.0,False,0.645,
residual_sweep,rs_167,-3.6,8.06,-0.19,26.32,0.7,19.0,0.2,-1.05,-2.3,-2.76,2.51,-2.76,2.0,False,0.499,
residual_sweep,rs_168,-5.61,11.11,-0.291,30.43,0.609,23.0,0.24,-1.46,-1.3,-3.56,0.7,-3.56,2.0,False,-0.702,
residual_sweep,rs_169,-7.53,12.07,-0.358,30.0,0.579,30.0,0.31,-2.46,-1.28,-3.39,-0.4,-3.39,2.0,False,-4.86,
residual_sweep,rs_170,-4.86,10.76,-0.226,26.09,0.682,23.0,0.24,-2.27,-1.29,-2.42,1.11,-2.42,2.0,False,0.645,
residual_sweep,rs_171,-6.22,11.04,-0.26,26.67,0.669,30.0,0.31,-3.24,-1.27,-1.99,0.28,-3.24,3.0,False,-0.378,
residual_sweep,rs_172,-2.58,7.51,-0.168,31.25,0.727,16.0,0.17,0.68,-1.33,-2.65,0.73,-2.65,2.0,False,0.753,
residual_sweep,rs_173,-5.4,10.05,-0.329,27.27,0.587,22.0,0.23,-0.34,-1.31,-3.34,-0.41,-3.34,2.0,False,-0.535,
residual_sweep,rs_174,-2.48,7.41,-0.135,25.0,0.761,16.0,0.17,-0.15,-1.31,-2.15,1.14,-2.15,2.0,False,1.331,
residual_sweep,rs_175,-5.0,9.57,-0.259,22.73,0.642,22.0,0.23,-1.14,-1.3,-2.84,0.28,-2.84,2.0,False,0.143,
residual_sweep,rs_176,-4.21,9.23,-0.251,31.58,0.655,19.0,0.2,0.88,-1.33,-4.48,0.71,-4.48,2.0,False,-1.403,
residual_sweep,rs_177,-5.2,10.02,-0.278,32.0,0.651,25.0,0.26,0.88,-1.33,-4.34,-0.41,-4.34,2.0,False,-1.421,
residual_sweep,rs_178,-3.73,8.8,-0.187,26.32,0.717,19.0,0.2,0.05,-1.32,-3.59,1.13,-3.59,2.0,False,-0.334,
residual_sweep,rs_179,-4.16,8.94,-0.183,28.0,0.738,25.0,0.26,0.05,-1.32,-3.17,0.28,-3.17,2.0,False,0.045,
residual_sweep,rs_180,-1.33,6.5,-0.086,35.71,0.838,14.0,0.15,1.96,-1.34,-2.69,0.74,-2.69,2.0,False,1.009,
residual_sweep,rs_181,-3.21,8.14,-0.201,31.58,0.707,19.0,0.2,1.96,-1.34,-3.41,-0.42,-3.41,2.0,False,-0.137,
residual_sweep,rs_182,-1.23,6.4,-0.065,28.57,0.866,14.0,0.15,1.12,-1.33,-2.18,1.15,-2.18,3.0,False,1.568,
residual_sweep,rs_183,-2.83,7.68,-0.147,26.32,0.762,19.0,0.2,1.12,-1.33,-2.9,0.29,-2.9,3.0,False,0.519,
residual_sweep,rs_184,-4.69,6.34,-0.408,20.0,0.361,10.0,0.1,-1.05,-1.3,-3.55,1.21,-3.55,1.0,False,-0.835,
residual_sweep,rs_185,-3.7,5.98,-0.295,28.57,0.542,14.0,0.15,-1.05,-1.3,-3.41,2.07,-3.41,1.0,False,-0.372,
residual_sweep,rs_186,-3.8,6.34,-0.289,20.0,0.484,10.0,0.1,-1.05,-1.3,-3.07,1.63,-3.07,1.0,False,-0.027,
residual_sweep,rs_187,-2.21,5.69,-0.149,28.57,0.726,14.0,0.15,-1.05,-1.3,-2.65,2.79,-2.65,1.0,False,0.833,
residual_sweep,rs_188,-1.71,3.37,-0.171,28.57,0.613,7.0,0.07,-1.05,-1.3,-0.6,1.25,-1.3,2.0,False,2.184,
residual_sweep,rs_189,-1.57,3.86,-0.146,30.0,0.694,10.0,0.1,-1.05,-1.3,-1.32,2.11,-1.32,1.0,False,2.226,
residual_sweep,rs_190,-0.79,3.37,-0.064,28.57,0.821,7.0,0.07,-1.05,-1.3,-0.12,1.68,-1.3,2.0,False,2.49,
residual_sweep,rs_191,-0.36,3.86,-0.024,30.0,0.93,10.0,0.1,-1.05,-1.3,-0.84,2.84,-1.3,2.0,False,2.613,
residual_sweep,rs_192,1.43,1.26,0.159,50.0,1.505,8.0,0.08,-0.38,0.0,1.05,0.76,-0.38,3.0,False,5.084,
residual_sweep,rs_193,0.55,2.47,0.057,41.67,1.121,12.0,0.13,-0.38,0.0,0.31,0.62,-0.38,3.0,False,4.792,
residual_sweep,rs_194,0.64,2.25,0.063,37.5,1.168,8.0,0.08,-2.25,0.0,1.72,1.18,-2.25,2.0,False,2.937,
residual_sweep,rs_195,0.07,2.79,0.011,33.33,1.012,12.0,0.13,-2.25,0.0,0.99,1.33,-2.25,2.0,False,1.776,
residual_sweep,rs_196,1.46,0.71,0.259,50.0,3.033,4.0,0.04,0.71,0.0,0.0,0.76,0.0,2.0,False,5.664,
residual_sweep,rs_197,0.58,2.45,0.08,37.5,1.234,8.0,0.08,0.71,0.0,-0.75,0.62,-0.75,2.0,False,4.472,
residual_sweep,rs_198,-0.02,1.71,0.0,25.0,0.988,4.0,0.04,-1.19,0.0,0.0,1.17,-1.19,1.0,False,2.808,
residual_sweep,rs_199,-0.6,3.43,-0.062,25.0,0.826,8.0,0.08,-1.19,0.0,-0.73,1.33,-1.19,1.0,False,2.626,
residual_sweep,rs_200,1.81,1.55,0.235,60.0,2.148,5.0,0.05,0.89,0.0,0.16,0.76,0.0,3.0,False,5.651,
residual_sweep,rs_201,0.93,2.77,0.104,44.44,1.28,9.0,0.09,0.89,0.0,-0.58,0.62,-0.58,2.0,False,4.72,
residual_sweep,rs_202,0.72,1.55,0.079,40.0,1.28,5.0,0.05,-1.01,0.0,0.55,1.18,-1.01,2.0,False,4.221,
residual_sweep,rs_203,0.15,2.77,0.018,33.33,1.034,9.0,0.09,-1.01,0.0,-0.18,1.34,-1.01,2.0,False,3.042,
residual_sweep,rs_204,1.65,0.53,0.293,66.67,4.076,3.0,0.03,0.89,0.0,0.0,0.76,0.0,2.0,False,5.751,
residual_sweep,rs_205,0.76,2.27,0.104,42.86,1.333,7.0,0.07,0.89,0.0,-0.75,0.62,-0.75,2.0,False,4.537,
residual_sweep,rs_206,0.16,1.54,0.026,33.33,1.105,3.0,0.03,-1.01,0.0,0.0,1.17,-1.01,1.0,False,4.059,
residual_sweep,rs_207,-0.41,3.26,-0.042,28.57,0.873,7.0,0.07,-1.01,0.0,-0.73,1.33,-1.01,1.0,False,2.866,
residual_sweep,rs_208,0.26,1.02,0.048,50.0,1.25,2.0,0.02,0.0,0.0,-1.02,1.28,-1.02,1.0,False,4.102,
residual_sweep,rs_209,0.4,1.75,0.063,40.0,1.229,5.0,0.05,0.0,0.0,-1.75,2.15,-1.75,1.0,False,3.413,
residual_sweep,rs_210,0.69,1.02,0.103,50.0,1.672,2.0,0.02,0.0,0.0,-1.02,1.71,-1.02,1.0,False,4.255,
residual_sweep,rs_211,1.13,1.75,0.141,40.0,1.645,5.0,0.05,0.0,0.0,-1.75,2.88,-1.75,1.0,False,3.642,
residual_sweep,rs_212,1.29,0.0,0.294,100.0,999.0,1.0,0.01,0.0,0.0,0.0,1.29,0.0,1.0,False,5.717,
residual_sweep,rs_213,1.44,0.74,0.254,50.0,2.938,4.0,0.04,0.0,0.0,-0.74,2.18,-0.74,1.0,False,4.911,
residual_sweep,rs_214,1.72,0.0,0.294,100.0,999.0,1.0,0.01,0.0,0.0,0.0,1.72,0.0,1.0,False,5.76,
residual_sweep,rs_215,2.17,0.74,0.294,50.0,3.934,4.0,0.04,0.0,0.0,-0.74,2.91,-0.74,1.0,False,5.064,
residual_ts,rts_216,-5.28,19.91,0.003,39.23,0.989,1137.0,11.85,-7.8,6.32,0.13,-3.92,-7.8,4.0,False,-8.322,
residual_ts,rts_217,-14.31,20.12,-0.373,25.25,0.733,99.0,1.03,-14.31,0.0,0.0,0.0,-14.31,0.0,False,-16.487,
residual_ts,rts_218,-13.77,20.36,-0.245,36.36,0.885,286.0,2.98,-10.82,-2.95,0.0,0.0,-10.82,0.0,False,-12.687,
residual_ts,rts_219,-13.35,20.04,-0.378,27.61,0.757,134.0,1.4,-13.35,0.0,0.0,0.0,-13.35,0.0,False,-15.437,
residual_ts,rts_220,-14.1,19.91,-0.31,35.12,0.81,168.0,1.75,-14.1,0.0,0.0,0.0,-14.1,0.0,False,-16.126,
residual_ts,rts_221,-13.71,20.21,-0.336,25.74,0.784,136.0,1.42,-13.71,0.0,0.0,0.0,-13.71,0.0,False,-15.754,
residual_ts,rts_222,-15.1,20.02,-0.387,31.25,0.757,128.0,1.33,-15.1,0.0,0.0,0.0,-15.1,0.0,False,-17.386,
residual_ts,rts_223,-14.52,20.38,-0.351,24.6,0.765,126.0,1.31,-14.52,0.0,0.0,0.0,-14.52,0.0,False,-16.675,
residual_ts,rts_224,-12.95,20.12,-0.373,31.45,0.751,124.0,1.29,-12.95,0.0,0.0,0.0,-12.95,0.0,False,-14.988,
residual_ts,rts_225,-11.53,20.23,-0.288,26.83,0.8,123.0,1.28,-11.53,0.0,0.0,0.0,-11.53,0.0,False,-13.255,
residual_ts,rts_226,-14.4,20.11,-0.382,33.09,0.752,139.0,1.45,-14.4,0.0,0.0,0.0,-14.4,0.0,False,-16.606,
residual_ts,rts_227,-13.52,20.03,-0.319,26.61,0.784,124.0,1.29,-13.52,0.0,0.0,0.0,-13.52,0.0,False,-15.508,
residual_ts,rts_228,-15.95,20.33,-0.424,32.48,0.751,157.0,1.64,-15.95,0.0,0.0,0.0,-15.95,0.0,False,-18.389,
residual_ts,rts_229,-14.05,20.03,-0.288,26.52,0.796,132.0,1.38,-14.05,0.0,0.0,0.0,-14.05,0.0,False,-16.026,
residual_ts,rts_230,-13.84,19.84,-0.374,34.64,0.787,179.0,1.87,-13.84,0.0,0.0,0.0,-13.84,0.0,False,-15.972,
residual_ts,rts_231,-11.37,20.17,-0.211,29.17,0.867,192.0,2.0,-11.37,0.0,0.0,0.0,-11.37,0.0,False,-12.931,
residual_ts,rts_232,-15.89,20.23,-0.438,32.87,0.731,143.0,1.49,-15.89,0.0,0.0,0.0,-15.89,0.0,False,-18.354,
residual_ts,rts_233,-13.41,20.27,-0.27,27.17,0.836,173.0,1.8,-13.41,0.0,0.0,0.0,-13.41,0.0,False,-15.291,
residual_ts,rts_234,-13.06,20.17,-0.192,39.23,0.923,492.0,5.13,-9.86,2.43,-5.64,0.0,-9.86,2.0,False,-11.548,
residual_ts,rts_235,4.81,20.16,0.09,32.78,1.017,540.0,5.63,-4.31,16.7,-7.58,0.0,-7.58,3.0,False,-6.921,
residual_ts,rts_236,-1.77,20.03,0.015,40.23,0.993,609.0,6.35,-4.4,2.27,7.33,-6.98,-6.98,3.0,False,-7.124,
residual_ts,rts_237,13.02,19.72,0.164,33.11,1.04,604.0,6.29,-0.04,11.48,4.72,-3.14,-3.14,4.0,False,-1.509,
residual_ts,rts_238,-6.91,17.71,-0.051,39.35,0.972,521.0,5.43,-2.79,7.72,-8.81,-3.04,-8.81,3.0,False,-9.603,
residual_ts,rts_239,-3.32,20.33,0.001,32.19,0.987,466.0,4.86,2.66,16.21,-16.62,-5.57,-16.62,2.0,False,-16.949,
residual_ts,rts_240,-16.88,20.17,-0.547,26.25,0.592,80.0,0.83,-16.88,0.0,0.0,0.0,-16.88,0.0,False,-19.664,
residual_ts,rts_241,-15.69,20.32,-0.446,19.48,0.626,77.0,0.8,-15.69,0.0,0.0,0.0,-15.69,0.0,False,-18.147,
residual_ts,rts_242,-16.99,20.27,-0.583,28.42,0.621,95.0,0.99,-16.99,0.0,0.0,0.0,-16.99,0.0,False,-19.852,
residual_ts,rts_243,-16.16,20.76,-0.52,22.47,0.626,89.0,0.93,-16.16,0.0,0.0,0.0,-16.16,0.0,False,-18.815,
residual_ts,rts_244,-19.4,20.5,-0.362,37.47,0.844,379.0,3.95,-14.95,-1.74,-2.7,0.0,-14.95,0.0,False,-17.617,
residual_ts,rts_245,-18.4,20.28,-0.232,28.97,0.891,390.0,4.06,-14.34,4.52,-8.58,0.0,-14.34,1.0,False,-16.644,
residual_ts,rts_246,-7.25,20.0,-0.032,39.32,0.976,651.0,6.78,-1.11,11.48,-17.62,0.0,-17.62,2.0,False,-18.407,
residual_ts,rts_247,-13.55,20.26,-0.323,26.28,0.788,137.0,1.43,-13.55,0.0,0.0,0.0,-13.55,0.0,False,-15.551,
residual_ts,rts_248,-3.42,20.07,-0.007,39.74,0.986,614.0,6.4,3.59,4.8,-11.82,0.0,-11.82,2.0,False,-12.173,
residual_ts,rts_249,-6.64,19.87,-0.031,32.26,0.976,592.0,6.17,-2.98,4.48,-8.14,0.0,-8.14,3.0,False,-8.863,
residual_ts,rts_250,1.49,20.02,0.053,38.69,1.007,411.0,4.28,12.53,5.1,-16.14,0.0,-16.14,3.0,False,-15.881,
residual_ts,rts_251,-16.21,20.17,-0.274,29.64,0.865,307.0,3.2,-11.15,-3.3,-1.77,0.0,-11.15,0.0,False,-13.317,
residual_ts,rts_252,-6.59,20.04,-0.068,38.65,0.961,401.0,4.18,5.09,-10.42,-1.27,0.0,-10.42,1.0,False,-11.214,
residual_ts,rts_253,-15.77,19.9,-0.254,29.53,0.87,254.0,2.65,-15.77,0.0,0.0,0.0,-15.77,0.0,False,-17.856,
residual_ts,rts_254,-5.88,20.02,-0.041,38.43,0.973,510.0,5.31,5.13,-6.73,-4.27,0.0,-6.73,2.0,False,-7.402,
residual_ts,rts_255,-14.4,20.12,-0.196,30.56,0.902,324.0,3.38,-11.33,-3.07,0.0,0.0,-11.33,1.0,False,-13.157,
residual_ts,rts_256,-7.57,20.4,-0.086,38.55,0.958,454.0,4.73,3.61,-6.26,-4.92,0.0,-6.26,3.0,False,-7.185,
residual_ts,rts_257,-16.75,20.07,-0.308,26.38,0.8,163.0,1.7,-16.75,0.0,0.0,0.0,-16.75,1.0,False,-19.045,
residual_ts,rts_258,-14.75,20.07,-0.434,28.83,0.698,111.0,1.16,-14.75,0.0,0.0,0.0,-14.75,0.0,False,-17.095,
residual_ts,rts_259,-1.87,20.21,0.007,31.71,0.989,350.0,3.65,10.14,0.73,-12.74,0.0,-12.74,1.0,False,-12.912,
residual_ts,rts_260,-14.92,20.08,-0.202,38.64,0.911,440.0,4.58,-1.51,-4.2,-9.21,0.0,-9.21,1.0,False,-11.108,
residual_ts,rts_261,-11.55,20.13,-0.139,31.15,0.924,305.0,3.18,1.46,-2.33,-10.68,0.0,-10.68,1.0,False,-12.114,
residual_ts,rts_262,-13.72,20.15,-0.234,37.04,0.882,243.0,2.53,1.99,-7.63,-8.08,0.0,-8.08,1.0,False,-9.922,
residual_ts,rts_263,3.31,20.2,0.077,32.05,1.025,234.0,2.44,17.79,-7.56,-6.92,0.0,-7.56,2.0,False,-7.078,
residual_ts,rts_264,1.35,20.02,0.059,38.92,1.003,835.0,8.7,3.16,3.92,-1.55,-4.17,-4.17,4.0,False,-3.92,
residual_ts,rts_265,14.09,20.28,0.164,32.59,1.035,721.0,7.51,16.61,4.33,-6.85,0.0,-6.85,4.0,False,-5.117,
residual_ts,rts_266,-18.18,19.88,-0.34,37.71,0.856,350.0,3.65,-15.65,-2.53,0.0,0.0,-15.65,0.0,False,-18.147,
residual_ts,rts_267,-3.47,20.38,0.013,31.54,0.989,650.0,6.77,-5.18,-2.11,3.82,0.0,-5.18,3.0,False,-5.503,
residual_ts,rts_268,-18.26,19.91,-0.176,38.52,0.94,758.0,7.9,-7.93,-0.16,-7.05,-3.12,-7.93,2.0,False,-10.108,
residual_ts,rts_269,-10.53,20.39,-0.061,30.76,0.964,543.0,5.66,0.3,1.68,-12.51,0.0,-12.51,2.0,False,-13.684,
residual_ts,rts_270,-16.2,20.2,-0.383,35.08,0.803,248.0,2.58,-16.2,0.0,0.0,0.0,-16.2,0.0,False,-18.583,
residual_ts,rts_271,-13.3,19.81,-0.332,24.56,0.766,114.0,1.19,-13.3,0.0,0.0,0.0,-13.3,0.0,False,-15.297,
residual_ts,rts_272,-18.76,20.4,-0.451,34.98,0.761,223.0,2.32,-18.76,0.0,0.0,0.0,-18.76,0.0,False,-21.539,
residual_ts,rts_273,-15.94,20.2,-0.41,23.81,0.708,105.0,1.09,-15.94,0.0,0.0,0.0,-15.94,0.0,False,-18.355,
residual_ts,rts_274,-18.41,20.06,-0.559,32.09,0.695,187.0,1.95,-18.41,0.0,0.0,0.0,-18.41,0.0,False,-21.366,
residual_ts,rts_275,-18.62,20.37,-0.574,20.0,0.59,85.0,0.89,-18.62,0.0,0.0,0.0,-18.62,0.0,False,-21.632,
residual_ts,rts_276,-20.64,20.72,-0.733,25.81,0.521,93.0,0.97,-20.64,0.0,0.0,0.0,-20.64,0.0,False,-24.17,
residual_ts,rts_277,-17.08,20.07,-0.489,25.23,0.667,107.0,1.11,-17.08,0.0,0.0,0.0,-17.08,0.0,False,-19.768,
residual_ts,rts_278,-20.01,20.01,-0.617,32.79,0.666,183.0,1.91,-20.01,0.0,0.0,0.0,-20.01,0.0,False,-23.248,
residual_ts,rts_279,-19.31,20.14,-0.426,26.47,0.735,170.0,1.77,-19.31,0.0,0.0,0.0,-19.31,0.0,False,-22.094,
residual_ts,rts_280,-20.16,20.16,-0.653,29.8,0.62,151.0,1.57,-20.16,0.0,0.0,0.0,-20.16,0.0,False,-23.485,
residual_ts,rts_281,-19.84,20.25,-0.489,23.57,0.673,140.0,1.46,-19.84,0.0,0.0,0.0,-19.84,0.0,False,-22.806,
residual_ts,rts_282,-18.05,20.29,-0.562,33.33,0.68,159.0,1.66,-18.05,0.0,0.0,0.0,-18.05,0.0,False,-20.979,
residual_ts,rts_283,-14.01,20.15,-0.353,28.0,0.767,150.0,1.56,-14.01,0.0,0.0,0.0,-14.01,0.0,False,-16.116,
residual_ts,rts_284,-11.36,19.55,-0.1,39.16,0.957,687.0,7.16,-15.83,10.97,-3.0,-3.5,-15.83,3.0,False,-17.162,
residual_ts,rts_285,-19.66,20.15,-0.273,30.03,0.861,323.0,3.37,-14.88,3.13,-7.91,0.0,-14.88,2.0,False,-17.39,
residual_ts,rts_286,-20.08,20.14,-0.33,36.96,0.852,368.0,3.83,-15.64,3.63,-8.07,0.0,-15.64,2.0,False,-18.306,
residual_ts,rts_287,-18.04,20.24,-0.31,28.99,0.813,238.0,2.48,-15.45,2.09,-4.68,0.0,-15.45,1.0,False,-17.869,
residual_ts,rts_288,-12.97,20.14,-0.125,38.58,0.952,674.0,7.02,-8.46,5.15,-9.66,0.0,-9.66,2.0,False,-11.207,
residual_ts,rts_289,-11.53,20.19,-0.109,30.33,0.946,455.0,4.74,-2.96,-5.13,-3.44,0.0,-5.13,1.0,False,-6.498,
residual_ts,rts_290,-10.54,20.07,-0.09,38.01,0.962,613.0,6.39,3.49,-7.01,-7.03,0.0,-7.03,2.0,False,-8.261,
residual_ts,rts_291,-13.89,19.74,-0.222,28.69,0.893,352.0,3.67,-10.18,-3.71,0.0,0.0,-10.18,1.0,False,-12.01,
residual_ts,rts_292,-16.29,20.51,-0.285,34.62,0.869,286.0,2.98,-9.46,-6.83,0.0,0.0,-9.46,0.0,False,-11.659,
residual_ts,rts_293,-15.08,20.18,-0.335,27.6,0.817,221.0,2.3,-13.61,-1.47,0.0,0.0,-13.61,0.0,False,-15.784,
residual_ts,rts_294,-17.28,20.09,-0.455,32.28,0.729,127.0,1.32,-17.28,0.0,0.0,0.0,-17.28,0.0,False,-19.914,
residual_ts,rts_295,-14.52,20.02,-0.285,28.57,0.818,147.0,1.53,-14.52,0.0,0.0,0.0,-14.52,0.0,False,-16.537,
residual_ts,rts_296,-17.19,20.0,-0.396,35.16,0.793,219.0,2.28,-17.19,0.0,0.0,0.0,-17.19,0.0,False,-19.697,
residual_ts,rts_297,-14.88,20.36,-0.192,29.65,0.906,344.0,3.58,-10.18,-4.7,0.0,0.0,-10.18,0.0,False,-12.053,
residual_ts,rts_298,-18.53,20.18,-0.469,34.39,0.773,253.0,2.64,-16.43,-2.1,0.0,0.0,-16.43,1.0,False,-19.221,
residual_ts,rts_299,-16.58,20.18,-0.319,27.04,0.813,196.0,2.04,-16.58,0.0,0.0,0.0,-16.58,0.0,False,-18.876,
residual_ts,rts_300,-18.84,20.15,-0.683,29.2,0.58,113.0,1.18,-18.84,0.0,0.0,0.0,-18.84,0.0,False,-22.086,
residual_ts,rts_301,-17.99,19.85,-0.783,14.29,0.398,56.0,0.58,-17.99,0.0,0.0,0.0,-17.99,0.0,False,-21.35,
residual_ts,rts_302,-19.12,20.43,-0.714,30.97,0.568,113.0,1.18,-19.12,0.0,0.0,0.0,-19.12,0.0,False,-22.457,
residual_ts,rts_303,-18.5,20.35,-0.681,25.0,0.555,104.0,1.08,-18.5,0.0,0.0,0.0,-18.5,0.0,False,-21.708,
residual_ts,rts_304,-19.01,20.32,-0.707,29.25,0.567,106.0,1.1,-19.01,0.0,0.0,0.0,-19.01,0.0,False,-22.325,
residual_ts,rts_305,-18.46,20.3,-0.458,23.53,0.667,102.0,1.06,-18.46,0.0,0.0,0.0,-18.46,0.0,False,-21.222,
residual_ts,rts_306,-20.07,20.07,-0.644,25.27,0.55,91.0,0.95,-20.07,0.0,0.0,0.0,-20.07,0.0,False,-23.361,
residual_ts,rts_307,-20.07,20.3,-0.267,29.14,0.877,429.0,4.47,-18.23,10.7,-12.54,0.0,-18.23,2.0,False,-20.769,
residual_ts,rts_308,-18.62,20.11,-0.305,36.88,0.869,385.0,4.01,-17.34,18.6,-19.87,0.0,-19.87,2.0,False,-22.345,
residual_ts,rts_309,-19.39,19.91,-0.38,26.9,0.771,171.0,1.78,-18.92,-0.47,0.0,0.0,-18.92,0.0,False,-21.616,
residual_ts,rts_310,-20.06,20.06,-0.783,26.88,0.484,93.0,0.97,-20.06,0.0,0.0,0.0,-20.06,0.0,False,-23.633,
residual_ts,rts_311,-20.05,20.05,-0.607,20.2,0.55,99.0,1.03,-20.05,0.0,0.0,0.0,-20.05,0.0,False,-23.266,
donchian,dc_312,-10.74,20.12,-0.303,38.18,0.787,110.0,1.15,-10.74,0.0,0.0,0.0,-10.74,0.0,False,-12.424,
donchian,dc_313,-13.76,20.18,-0.304,48.71,0.864,349.0,3.64,-13.76,0.0,0.0,0.0,-13.76,0.0,False,-15.742,
donchian,dc_314,-11.55,20.08,-0.226,32.64,0.872,193.0,2.01,-11.55,0.0,0.0,0.0,-11.55,0.0,False,-13.162,
donchian,dc_315,-13.45,20.14,-0.24,39.94,0.893,333.0,3.47,-13.45,0.0,0.0,0.0,-13.45,0.0,False,-15.272,
donchian,dc_316,-9.38,19.94,-0.185,27.52,0.842,109.0,1.14,-9.38,0.0,0.0,0.0,-9.38,0.0,False,-10.687,
donchian,dc_317,-6.56,19.96,-0.083,34.56,0.954,327.0,3.41,-6.56,0.0,0.0,0.0,-6.56,0.0,False,-7.38,
donchian,dc_318,-10.05,20.3,-0.235,38.64,0.833,132.0,1.38,-10.05,0.0,0.0,0.0,-10.05,0.0,False,-11.526,
donchian,dc_319,-14.25,20.63,-0.399,45.73,0.767,164.0,1.71,-14.25,0.0,0.0,0.0,-14.25,0.0,False,-16.473,
donchian,dc_320,-6.13,19.93,-0.112,31.06,0.915,132.0,1.38,-6.13,0.0,0.0,0.0,-6.13,0.0,False,-6.968,
donchian,dc_321,-15.75,20.76,-0.368,36.42,0.789,162.0,1.69,-15.75,0.0,0.0,0.0,-15.75,0.0,False,-18.065,
donchian,dc_322,12.25,20.03,0.225,30.08,1.165,123.0,1.28,12.25,0.0,0.0,0.0,0.0,1.0,False,2.675,
donchian,dc_323,-2.89,19.93,-0.022,33.58,0.976,268.0,2.79,-2.89,0.0,0.0,0.0,-2.89,0.0,False,-3.221,
donchian,dc_324,-12.0,20.18,-0.268,41.07,0.833,168.0,1.75,-12.0,0.0,0.0,0.0,-12.0,0.0,False,-13.733,
donchian,dc_325,-14.27,20.34,-0.343,46.56,0.821,247.0,2.57,-14.27,0.0,0.0,0.0,-14.27,0.0,False,-16.379,
donchian,dc_326,-6.88,19.84,-0.135,32.09,0.901,134.0,1.4,-6.88,0.0,0.0,0.0,-6.88,0.0,False,-7.842,
donchian,dc_327,-12.23,20.08,-0.287,36.13,0.821,155.0,1.62,-12.23,0.0,0.0,0.0,-12.23,0.0,False,-14.028,
donchian,dc_328,0.47,20.15,0.033,28.29,1.005,205.0,2.14,0.47,0.0,0.0,0.0,0.0,1.0,False,0.113,
donchian,dc_329,-7.93,20.1,-0.124,32.0,0.923,225.0,2.34,-7.93,0.0,0.0,0.0,-7.93,0.0,False,-8.973,
donchian,dc_330,-12.83,20.13,-0.423,37.25,0.704,102.0,1.06,-12.83,0.0,0.0,0.0,-12.83,0.0,False,-14.956,
donchian,dc_331,-16.02,20.2,-0.367,48.67,0.836,339.0,3.53,-16.02,0.0,0.0,0.0,-16.02,0.0,False,-18.356,
donchian,dc_332,-14.67,20.11,-0.438,28.7,0.7,108.0,1.13,-14.67,0.0,0.0,0.0,-14.67,0.0,False,-17.016,
donchian,dc_333,-17.22,19.78,-0.48,38.15,0.745,173.0,1.8,-17.22,0.0,0.0,0.0,-17.22,0.0,False,-19.907,
donchian,dc_334,-13.43,20.01,-0.352,23.91,0.691,92.0,0.96,-13.43,0.0,0.0,0.0,-13.43,0.0,False,-15.482,
donchian,dc_335,-15.77,19.99,-0.398,31.68,0.748,161.0,1.68,-15.77,0.0,0.0,0.0,-15.77,0.0,False,-18.147,
donchian,dc_336,-12.87,20.2,-0.309,37.06,0.803,170.0,1.77,-12.87,0.0,0.0,0.0,-12.87,0.0,False,-14.771,
donchian,dc_337,-16.03,20.22,-0.433,46.03,0.75,189.0,1.97,-16.03,0.0,0.0,0.0,-16.03,0.0,False,-18.495,
donchian,dc_338,-12.08,20.66,-0.24,28.48,0.834,151.0,1.57,-12.08,0.0,0.0,0.0,-12.08,0.0,False,-13.77,
donchian,dc_339,-16.36,20.71,-0.41,34.9,0.746,149.0,1.55,-16.36,0.0,0.0,0.0,-16.36,0.0,False,-18.816,
donchian,dc_340,-10.66,19.81,-0.213,24.78,0.824,113.0,1.18,-10.66,0.0,0.0,0.0,-10.66,0.0,False,-12.154,
donchian,dc_341,-14.66,20.26,-0.348,31.21,0.773,141.0,1.47,-14.66,0.0,0.0,0.0,-14.66,0.0,False,-16.825,
donchian,dc_342,-11.47,20.08,-0.259,40.76,0.832,157.0,1.64,-11.47,0.0,0.0,0.0,-11.47,0.0,False,-13.136,
donchian,dc_343,-14.53,20.2,-0.335,47.41,0.819,232.0,2.42,-14.53,0.0,0.0,0.0,-14.53,0.0,False,-16.65,
donchian,dc_344,-10.2,20.41,-0.205,30.65,0.849,124.0,1.29,-10.2,0.0,0.0,0.0,-10.2,0.0,False,-11.63,
donchian,dc_345,-15.28,20.09,-0.333,35.44,0.815,206.0,2.15,-15.28,0.0,0.0,0.0,-15.28,0.0,False,-17.472,
donchian,dc_346,-4.85,20.4,-0.064,25.83,0.935,120.0,1.25,-4.85,0.0,0.0,0.0,-4.85,0.0,False,-5.461,
donchian,dc_347,-10.59,20.22,-0.17,30.66,0.899,212.0,2.21,-10.59,0.0,0.0,0.0,-10.59,0.0,False,-11.99,
donchian,dc_348,-12.23,20.2,-0.328,39.64,0.807,169.0,1.76,-12.23,0.0,0.0,0.0,-12.23,0.0,False,-14.106,
donchian,dc_349,-15.31,20.39,-0.323,47.95,0.854,317.0,3.3,-15.31,0.0,0.0,0.0,-15.31,0.0,False,-17.484,
donchian,dc_350,-16.3,20.48,-0.512,25.77,0.616,97.0,1.01,-16.3,0.0,0.0,0.0,-16.3,0.0,False,-18.954,
donchian,dc_351,-16.85,20.22,-0.635,33.0,0.579,100.0,1.04,-16.85,0.0,0.0,0.0,-16.85,0.0,False,-19.804,
donchian,dc_352,-13.18,20.44,-0.358,22.58,0.709,93.0,0.97,-13.18,0.0,0.0,0.0,-13.18,0.0,False,-15.216,
donchian,dc_353,-15.83,20.47,-0.37,31.21,0.776,157.0,1.64,-15.83,0.0,0.0,0.0,-15.83,0.0,False,-18.154,
donchian,dc_354,-12.58,20.33,-0.311,36.77,0.793,155.0,1.62,-12.58,0.0,0.0,0.0,-12.58,0.0,False,-14.463,
donchian,dc_355,-15.12,20.01,-0.34,46.49,0.828,271.0,2.82,-15.12,0.0,0.0,0.0,-15.12,0.0,False,-17.314,
donchian,dc_356,-13.6,20.15,-0.295,29.79,0.795,141.0,1.47,-13.6,0.0,0.0,0.0,-13.6,0.0,False,-15.553,
donchian,dc_357,-16.9,20.81,-0.426,35.25,0.738,139.0,1.45,-16.9,0.0,0.0,0.0,-16.9,0.0,False,-19.441,
donchian,dc_358,-7.1,20.17,-0.123,25.37,0.901,134.0,1.4,-7.1,0.0,0.0,0.0,-7.1,0.0,False,-8.058,
donchian,dc_359,-10.7,20.36,-0.177,31.2,0.898,234.0,2.44,-10.7,0.0,0.0,0.0,-10.7,0.0,False,-12.128,
donchian,dc_360,-11.72,20.11,-0.278,40.85,0.82,142.0,1.48,-11.72,0.0,0.0,0.0,-11.72,0.0,False,-13.452,
donchian,dc_361,-14.63,20.09,-0.241,49.17,0.901,480.0,5.0,-12.33,0.91,-3.2,0.0,-12.33,1.0,False,-14.279,
donchian,dc_362,-12.44,20.25,-0.261,29.37,0.821,126.0,1.31,-12.44,0.0,0.0,0.0,-12.44,0.0,False,-14.205,
donchian,dc_363,-15.11,20.26,-0.332,35.07,0.822,211.0,2.2,-15.11,0.0,0.0,0.0,-15.11,0.0,False,-17.287,
donchian,dc_364,-4.48,20.23,-0.06,26.5,0.939,117.0,1.22,-4.48,0.0,0.0,0.0,-4.48,0.0,False,-5.046,
donchian,dc_365,-4.56,19.83,-0.057,31.19,0.956,202.0,2.1,-4.56,0.0,0.0,0.0,-4.56,1.0,False,-5.129,
donchian,dc_366,-12.39,20.11,-0.319,38.99,0.804,159.0,1.66,-12.39,0.0,0.0,0.0,-12.39,0.0,False,-14.263,
donchian,dc_367,-15.2,20.11,-0.417,46.77,0.777,201.0,2.09,-15.2,0.0,0.0,0.0,-15.2,0.0,False,-17.557,
donchian,dc_368,-12.03,20.19,-0.319,28.72,0.716,94.0,0.98,-12.03,0.0,0.0,0.0,-12.03,0.0,False,-13.866,
donchian,dc_369,-14.46,20.1,-0.434,33.65,0.675,104.0,1.08,-14.46,0.0,0.0,0.0,-14.46,0.0,False,-16.769,
donchian,dc_370,-7.51,20.14,-0.174,25.81,0.843,93.0,0.97,-7.51,0.0,0.0,0.0,-7.51,0.0,False,-8.614,
donchian,dc_371,-10.73,19.92,-0.206,33.13,0.861,163.0,1.7,-10.73,0.0,0.0,0.0,-10.73,0.0,False,-12.214,
donchian,dc_372,-12.48,19.99,-0.349,38.62,0.757,145.0,1.51,-12.48,0.0,0.0,0.0,-12.48,0.0,False,-14.427,
donchian,dc_373,-15.34,20.03,-0.386,46.38,0.788,235.0,2.45,-15.34,0.0,0.0,0.0,-15.34,0.0,False,-17.644,
donchian,dc_374,-12.38,20.21,-0.293,29.0,0.75,100.0,1.04,-12.38,0.0,0.0,0.0,-12.38,0.0,False,-14.201,
donchian,dc_375,-15.16,20.45,-0.421,34.96,0.703,123.0,1.28,-15.16,0.0,0.0,0.0,-15.16,0.0,False,-17.517,
donchian,dc_376,-8.02,20.19,-0.155,27.59,0.879,145.0,1.51,-8.02,0.0,0.0,0.0,-8.02,0.0,False,-9.129,
donchian,dc_377,-11.2,19.94,-0.213,30.9,0.858,178.0,1.85,-11.2,0.0,0.0,0.0,-11.2,0.0,False,-12.741,
donchian,dc_378,-12.98,20.2,-0.329,39.85,0.777,133.0,1.39,-12.98,0.0,0.0,0.0,-12.98,0.0,False,-14.936,
donchian,dc_379,-15.5,20.17,-0.389,45.69,0.797,232.0,2.42,-15.5,0.0,0.0,0.0,-15.5,0.0,False,-17.828,
donchian,dc_380,-11.86,20.36,-0.239,30.89,0.822,123.0,1.28,-11.86,0.0,0.0,0.0,-11.86,0.0,False,-13.52,
donchian,dc_381,-14.8,20.3,-0.33,34.72,0.807,193.0,2.01,-14.8,0.0,0.0,0.0,-14.8,0.0,False,-16.937,
donchian,dc_382,-1.61,20.43,-0.004,26.39,0.98,144.0,1.5,-1.61,0.0,0.0,0.0,-1.61,1.0,False,-1.783,
donchian,dc_383,-8.21,20.44,-0.13,30.06,0.91,173.0,1.8,-8.21,0.0,0.0,0.0,-8.21,1.0,False,-9.295,
xs_residual,xs_384,,,,,,,,,,,,,,False,-999.0,Encountered all NA values
xs_residual,xs_385,,,,,,,,,,,,,,False,-999.0,Encountered all NA values
xs_residual,xs_386,,,,,,,,,,,,,,False,-999.0,Encountered all NA values
xs_residual,xs_387,,,,,,,,,,,,,,False,-999.0,Encountered all NA values
xs_residual,xs_388,,,,,,,,,,,,,,False,-999.0,Encountered all NA values
xs_residual,xs_389,,,,,,,,,,,,,,False,-999.0,Encountered all NA values
xs_residual,xs_390,,,,,,,,,,,,,,False,-999.0,Encountered all NA values
xs_residual,xs_391,,,,,,,,,,,,,,False,-999.0,Encountered all NA values
xs_residual,xs_392,,,,,,,,,,,,,,False,-999.0,Encountered all NA values
xs_residual,xs_393,,,,,,,,,,,,,,False,-999.0,Encountered all NA values
xs_residual,xs_394,,,,,,,,,,,,,,False,-999.0,Encountered all NA values
xs_residual,xs_395,,,,,,,,,,,,,,False,-999.0,Encountered all NA values
xs_residual,xs_396,,,,,,,,,,,,,,False,-999.0,Encountered all NA values
xs_residual,xs_397,,,,,,,,,,,,,,False,-999.0,Encountered all NA values
xs_residual,xs_398,,,,,,,,,,,,,,False,-999.0,Encountered all NA values
xs_residual,xs_399,,,,,,,,,,,,,,False,-999.0,Encountered all NA values
xs_residual,xs_400,,,,,,,,,,,,,,False,-999.0,Encountered all NA values
xs_residual,xs_401,,,,,,,,,,,,,,False,-999.0,Encountered all NA values
xs_residual,xs_402,,,,,,,,,,,,,,False,-999.0,Encountered all NA values
xs_residual,xs_403,,,,,,,,,,,,,,False,-999.0,Encountered all NA values
xs_residual,xs_404,,,,,,,,,,,,,,False,-999.0,Encountered all NA values
xs_residual,xs_405,,,,,,,,,,,,,,False,-999.0,Encountered all NA values
xs_residual,xs_406,,,,,,,,,,,,,,False,-999.0,Encountered all NA values
xs_residual,xs_407,,,,,,,,,,,,,,False,-999.0,Encountered all NA values
xs_residual,xs_408,,,,,,,,,,,,,,False,-999.0,Encountered all NA values
xs_residual,xs_409,,,,,,,,,,,,,,False,-999.0,Encountered all NA values
xs_residual,xs_410,,,,,,,,,,,,,,False,-999.0,Encountered all NA values
xs_residual,xs_411,,,,,,,,,,,,,,False,-999.0,Encountered all NA values
xs_residual,xs_412,,,,,,,,,,,,,,False,-999.0,Encountered all NA values
xs_residual,xs_413,,,,,,,,,,,,,,False,-999.0,Encountered all NA values
xs_residual,xs_414,,,,,,,,,,,,,,False,-999.0,Encountered all NA values
xs_residual,xs_415,,,,,,,,,,,,,,False,-999.0,Encountered all NA values
xs_residual,xs_416,,,,,,,,,,,,,,False,-999.0,Encountered all NA values
xs_residual,xs_417,,,,,,,,,,,,,,False,-999.0,Encountered all NA values
xs_residual,xs_418,,,,,,,,,,,,,,False,-999.0,Encountered all NA values
xs_residual,xs_419,,,,,,,,,,,,,,False,-999.0,Encountered all NA values
residual_sweep,dual_lock_ref,10.07,6.9,0.275,37.3,1.312,126.0,1.31,-5.94,2.86,10.0,3.15,-5.94,6.0,False,2.612,
