config,score,total_return_pct,annualized_return_pct,max_drawdown_pct,sharpe,win_rate,total_trades,trades_per_month,profit_factor,final_equity,years,avg_trade_pnl,p_name,p_sniper_fast,p_sniper_slow,p_sniper_adx,p_sniper_sl_atr,p_sniper_tp_atr,p_sniper_risk_pct,p_sniper_max_per_month,p_bg_fast,p_bg_slow,p_bg_adx,p_bg_sl_atr,p_bg_tp_atr,p_bg_risk_pct,p_bg_max_per_month,p_atr_period,p_adx_period,p_atr_z_lookback,p_rsi_period,p_use_rsi_filter,p_rsi_long_max,p_rsi_short_min,p_use_dynamic_targets,p_high_vol_mult,p_low_vol_mult,p_normal_vol_mult,p_high_z,p_low_z,p_sniper_alloc,p_background_alloc
grid_028_sa15_ba15_sm3_stp5.0,50.489,43.33,9.44,17.12,0.599,32.4,179,3.74,1.458,14332.72,3.99,24.21,grid_028_sa15_ba15_sm3_stp5.0,5,13,15.0,1.0,5.0,2.0,3,8,21,15.0,2.0,3.0,1.0,0,14,14,50,14,True,70.0,30.0,True,0.75,1.35,1.0,1.0,-1.0,0.6,0.4
grid_016_sa12_ba15_sm3_stp5.0,49.67,39.47,8.69,13.4,0.533,31.44,194,4.05,1.349,13946.63,3.99,20.34,grid_016_sa12_ba15_sm3_stp5.0,5,13,12.0,1.0,5.0,2.0,3,8,21,15.0,2.0,3.0,1.0,0,14,14,50,14,True,70.0,30.0,True,0.75,1.35,1.0,1.0,-1.0,0.6,0.4
grid_026_sa15_ba15_sm2_stp5.0,49.237,37.74,8.35,13.96,0.549,32.39,176,3.67,1.403,13774.12,3.99,21.44,grid_026_sa15_ba15_sm2_stp5.0,5,13,15.0,1.0,5.0,2.0,2,8,21,15.0,2.0,3.0,1.0,0,14,14,50,14,True,70.0,30.0,True,0.75,1.35,1.0,1.0,-1.0,0.6,0.4
grid_014_sa12_ba15_sm2_stp5.0,49.235,37.4,8.28,12.32,0.521,31.75,189,3.95,1.337,13739.68,3.99,19.79,grid_014_sa12_ba15_sm2_stp5.0,5,13,12.0,1.0,5.0,2.0,2,8,21,15.0,2.0,3.0,1.0,0,14,14,50,14,True,70.0,30.0,True,0.75,1.35,1.0,1.0,-1.0,0.6,0.4
grid_032_sa15_ba18_sm3_stp5.0,48.753,39.47,8.69,18.72,0.562,28.95,152,3.17,1.448,13946.83,3.99,25.97,grid_032_sa15_ba18_sm3_stp5.0,5,13,15.0,1.0,5.0,2.0,3,8,21,18.0,2.0,3.0,1.0,0,14,14,50,14,True,70.0,30.0,True,0.75,1.35,1.0,1.0,-1.0,0.6,0.4
grid_020_sa12_ba18_sm3_stp5.0,48.278,35.76,7.96,13.77,0.496,28.14,167,3.49,1.336,13576.33,3.99,21.42,grid_020_sa12_ba18_sm3_stp5.0,5,13,12.0,1.0,5.0,2.0,3,8,21,18.0,2.0,3.0,1.0,0,14,14,50,14,True,70.0,30.0,True,0.75,1.35,1.0,1.0,-1.0,0.6,0.4
grid_018_sa12_ba18_sm2_stp5.0,47.993,33.65,7.54,12.01,0.483,28.4,162,3.38,1.323,13365.13,3.99,20.77,grid_018_sa12_ba18_sm2_stp5.0,5,13,12.0,1.0,5.0,2.0,2,8,21,18.0,2.0,3.0,1.0,0,14,14,50,14,True,70.0,30.0,True,0.75,1.35,1.0,1.0,-1.0,0.6,0.4
grid_024_sa12_ba20_sm3_stp5.0,47.573,33.69,7.54,13.6,0.475,26.11,157,3.28,1.322,13368.6,3.99,21.46,grid_024_sa12_ba20_sm3_stp5.0,5,13,12.0,1.0,5.0,2.0,3,8,21,20.0,2.0,3.0,1.0,0,14,14,50,14,True,70.0,30.0,True,0.75,1.35,1.0,1.0,-1.0,0.6,0.4
grid_030_sa15_ba18_sm2_stp5.0,47.474,33.92,7.59,15.62,0.509,28.86,149,3.11,1.389,13391.67,3.99,22.76,grid_030_sa15_ba18_sm2_stp5.0,5,13,15.0,1.0,5.0,2.0,2,8,21,18.0,2.0,3.0,1.0,0,14,14,50,14,True,70.0,30.0,True,0.75,1.35,1.0,1.0,-1.0,0.6,0.4
grid_022_sa12_ba20_sm2_stp5.0,47.233,31.55,7.11,12.01,0.461,26.32,152,3.17,1.309,13155.17,3.99,20.76,grid_022_sa12_ba20_sm2_stp5.0,5,13,12.0,1.0,5.0,2.0,2,8,21,20.0,2.0,3.0,1.0,0,14,14,50,14,True,70.0,30.0,True,0.75,1.35,1.0,1.0,-1.0,0.6,0.4
grid_027_sa15_ba15_sm3_stp4.0,45.834,31.31,7.06,17.55,0.473,33.16,187,3.9,1.312,13130.92,3.99,16.74,grid_027_sa15_ba15_sm3_stp4.0,5,13,15.0,1.0,4.0,2.0,3,8,21,15.0,2.0,3.0,1.0,0,14,14,50,14,True,70.0,30.0,True,0.75,1.35,1.0,1.0,-1.0,0.6,0.4
grid_025_sa15_ba15_sm2_stp4.0,45.253,27.59,6.29,14.38,0.435,33.15,184,3.84,1.277,12759.44,3.99,15.0,grid_025_sa15_ba15_sm2_stp4.0,5,13,15.0,1.0,4.0,2.0,2,8,21,15.0,2.0,3.0,1.0,0,14,14,50,14,True,70.0,30.0,True,0.75,1.35,1.0,1.0,-1.0,0.6,0.4
grid_004_sa10_ba15_sm3_stp5.0,45.201,28.97,6.58,15.53,0.419,30.88,204,4.26,1.239,12896.86,3.99,14.2,grid_004_sa10_ba15_sm3_stp5.0,5,13,10.0,1.0,5.0,2.0,3,8,21,15.0,2.0,3.0,1.0,0,14,14,50,14,True,70.0,30.0,True,0.75,1.35,1.0,1.0,-1.0,0.6,0.4
grid_036_sa15_ba20_sm3_stp5.0,44.939,37.36,8.28,18.54,0.54,26.76,142,2.96,1.433,13736.05,3.99,26.31,grid_036_sa15_ba20_sm3_stp5.0,5,13,15.0,1.0,5.0,2.0,3,8,21,20.0,2.0,3.0,1.0,0,14,14,50,14,True,70.0,30.0,True,0.75,1.35,1.0,1.0,-1.0,0.6,0.4
grid_015_sa12_ba15_sm3_stp4.0,44.73,27.98,6.37,16.15,0.415,31.73,208,4.34,1.238,12797.6,3.99,13.45,grid_015_sa12_ba15_sm3_stp4.0,5,13,12.0,1.0,4.0,2.0,3,8,21,15.0,2.0,3.0,1.0,0,14,14,50,14,True,70.0,30.0,True,0.75,1.35,1.0,1.0,-1.0,0.6,0.4
grid_031_sa15_ba18_sm3_stp4.0,44.306,27.71,6.32,18.43,0.429,30.0,160,3.34,1.295,12770.66,3.99,17.32,grid_031_sa15_ba18_sm3_stp4.0,5,13,15.0,1.0,4.0,2.0,3,8,21,18.0,2.0,3.0,1.0,0,14,14,50,14,True,70.0,30.0,True,0.75,1.35,1.0,1.0,-1.0,0.6,0.4
grid_008_sa10_ba18_sm3_stp5.0,43.81,25.52,5.86,16.14,0.38,27.68,177,3.7,1.223,12551.68,3.99,14.42,grid_008_sa10_ba18_sm3_stp5.0,5,13,10.0,1.0,5.0,2.0,3,8,21,18.0,2.0,3.0,1.0,0,14,14,50,14,True,70.0,30.0,True,0.75,1.35,1.0,1.0,-1.0,0.6,0.4
grid_029_sa15_ba18_sm2_stp4.0,43.698,24.0,5.54,15.31,0.388,29.94,157,3.28,1.258,12400.46,3.99,15.29,grid_029_sa15_ba18_sm2_stp4.0,5,13,15.0,1.0,4.0,2.0,2,8,21,18.0,2.0,3.0,1.0,0,14,14,50,14,True,70.0,30.0,True,0.75,1.35,1.0,1.0,-1.0,0.6,0.4
grid_035_sa15_ba20_sm3_stp4.0,43.649,25.79,5.92,18.24,0.408,28.0,150,3.13,1.28,12579.08,3.99,17.19,grid_035_sa15_ba20_sm3_stp4.0,5,13,15.0,1.0,4.0,2.0,3,8,21,20.0,2.0,3.0,1.0,0,14,14,50,14,True,70.0,30.0,True,0.75,1.35,1.0,1.0,-1.0,0.6,0.4
grid_034_sa15_ba20_sm2_stp5.0,43.516,31.82,7.17,15.44,0.486,26.62,139,2.9,1.373,13181.97,3.99,22.89,grid_034_sa15_ba20_sm2_stp5.0,5,13,15.0,1.0,5.0,2.0,2,8,21,20.0,2.0,3.0,1.0,0,14,14,50,14,True,70.0,30.0,True,0.75,1.35,1.0,1.0,-1.0,0.6,0.4
grid_013_sa12_ba15_sm2_stp4.0,43.499,21.77,5.06,12.01,0.351,31.68,202,4.22,1.189,12177.32,3.99,10.78,grid_013_sa12_ba15_sm2_stp4.0,5,13,12.0,1.0,4.0,2.0,2,8,21,15.0,2.0,3.0,1.0,0,14,14,50,14,True,70.0,30.0,True,0.75,1.35,1.0,1.0,-1.0,0.6,0.4
grid_002_sa10_ba15_sm2_stp5.0,43.492,23.55,5.44,14.46,0.362,30.85,201,4.2,1.198,12355.4,3.99,11.72,grid_002_sa10_ba15_sm2_stp5.0,5,13,10.0,1.0,5.0,2.0,2,8,21,15.0,2.0,3.0,1.0,0,14,14,50,14,True,70.0,30.0,True,0.75,1.35,1.0,1.0,-1.0,0.6,0.4
grid_019_sa12_ba18_sm3_stp4.0,43.252,24.5,5.64,17.03,0.374,28.73,181,3.78,1.221,12450.45,3.99,13.54,grid_019_sa12_ba18_sm3_stp4.0,5,13,12.0,1.0,4.0,2.0,3,8,21,18.0,2.0,3.0,1.0,0,14,14,50,14,True,70.0,30.0,True,0.75,1.35,1.0,1.0,-1.0,0.6,0.4
grid_012_sa10_ba20_sm3_stp5.0,43.151,23.59,5.45,15.97,0.359,25.75,167,3.49,1.21,12359.13,3.99,14.13,grid_012_sa10_ba20_sm3_stp5.0,5,13,10.0,1.0,5.0,2.0,3,8,21,20.0,2.0,3.0,1.0,0,14,14,50,14,True,70.0,30.0,True,0.75,1.35,1.0,1.0,-1.0,0.6,0.4
grid_033_sa15_ba20_sm2_stp4.0,43.037,22.09,5.13,15.12,0.366,27.89,147,3.07,1.242,12208.91,3.99,15.03,grid_033_sa15_ba20_sm2_stp4.0,5,13,15.0,1.0,4.0,2.0,2,8,21,20.0,2.0,3.0,1.0,0,14,14,50,14,True,70.0,30.0,True,0.75,1.35,1.0,1.0,-1.0,0.6,0.4
grid_023_sa12_ba20_sm3_stp4.0,42.605,22.61,5.24,16.86,0.354,26.9,171,3.57,1.207,12260.69,3.99,13.22,grid_023_sa12_ba20_sm3_stp4.0,5,13,12.0,1.0,4.0,2.0,3,8,21,20.0,2.0,3.0,1.0,0,14,14,50,14,True,70.0,30.0,True,0.75,1.35,1.0,1.0,-1.0,0.6,0.4
grid_006_sa10_ba18_sm2_stp5.0,42.347,20.17,4.71,14.16,0.324,27.59,174,3.63,1.18,12017.43,3.99,11.59,grid_006_sa10_ba18_sm2_stp5.0,5,13,10.0,1.0,5.0,2.0,2,8,21,18.0,2.0,3.0,1.0,0,14,14,50,14,True,70.0,30.0,True,0.75,1.35,1.0,1.0,-1.0,0.6,0.4
grid_017_sa12_ba18_sm2_stp4.0,42.059,18.38,4.32,12.77,0.307,28.57,175,3.65,1.17,11837.55,3.99,10.5,grid_017_sa12_ba18_sm2_stp4.0,5,13,12.0,1.0,4.0,2.0,2,8,21,18.0,2.0,3.0,1.0,0,14,14,50,14,True,70.0,30.0,True,0.75,1.35,1.0,1.0,-1.0,0.6,0.4
grid_010_sa10_ba20_sm2_stp5.0,41.65,18.28,4.29,14.15,0.302,25.61,164,3.42,1.165,11827.67,3.99,11.14,grid_010_sa10_ba20_sm2_stp5.0,5,13,10.0,1.0,5.0,2.0,2,8,21,20.0,2.0,3.0,1.0,0,14,14,50,14,True,70.0,30.0,True,0.75,1.35,1.0,1.0,-1.0,0.6,0.4
grid_021_sa12_ba20_sm2_stp4.0,41.419,16.54,3.91,12.59,0.285,26.67,165,3.44,1.155,11653.52,3.99,10.02,grid_021_sa12_ba20_sm2_stp4.0,5,13,12.0,1.0,4.0,2.0,2,8,21,20.0,2.0,3.0,1.0,0,14,14,50,14,True,70.0,30.0,True,0.75,1.35,1.0,1.0,-1.0,0.6,0.4
grid_003_sa10_ba15_sm3_stp4.0,40.499,17.92,4.22,17.94,0.294,31.19,218,4.55,1.144,11792.39,3.99,8.22,grid_003_sa10_ba15_sm3_stp4.0,5,13,10.0,1.0,4.0,2.0,3,8,21,15.0,2.0,3.0,1.0,0,14,14,50,14,True,70.0,30.0,True,0.75,1.35,1.0,1.0,-1.0,0.6,0.4
grid_007_sa10_ba18_sm3_stp4.0,39.099,14.7,3.5,18.81,0.254,28.27,191,3.99,1.125,11469.86,3.99,7.7,grid_007_sa10_ba18_sm3_stp4.0,5,13,10.0,1.0,4.0,2.0,3,8,21,18.0,2.0,3.0,1.0,0,14,14,50,14,True,70.0,30.0,True,0.75,1.35,1.0,1.0,-1.0,0.6,0.4
grid_011_sa10_ba20_sm3_stp4.0,38.493,12.95,3.1,18.64,0.233,26.52,181,3.78,1.112,11294.62,3.99,7.15,grid_011_sa10_ba20_sm3_stp4.0,5,13,10.0,1.0,4.0,2.0,3,8,21,20.0,2.0,3.0,1.0,0,14,14,50,14,True,70.0,30.0,True,0.75,1.35,1.0,1.0,-1.0,0.6,0.4
grid_001_sa10_ba15_sm2_stp4.0,37.715,9.18,2.22,16.05,0.187,30.84,214,4.47,1.075,10918.09,3.99,4.29,grid_001_sa10_ba15_sm2_stp4.0,5,13,10.0,1.0,4.0,2.0,2,8,21,15.0,2.0,3.0,1.0,0,14,14,50,14,True,70.0,30.0,True,0.75,1.35,1.0,1.0,-1.0,0.6,0.4
grid_005_sa10_ba18_sm2_stp4.0,36.336,6.12,1.5,16.94,0.144,27.81,187,3.9,1.053,10612.26,3.99,3.27,grid_005_sa10_ba18_sm2_stp4.0,5,13,10.0,1.0,4.0,2.0,2,8,21,18.0,2.0,3.0,1.0,0,14,14,50,14,True,70.0,30.0,True,0.75,1.35,1.0,1.0,-1.0,0.6,0.4
grid_009_sa10_ba20_sm2_stp4.0,35.746,4.46,1.1,16.77,0.121,25.99,177,3.7,1.039,10446.38,3.99,2.52,grid_009_sa10_ba20_sm2_stp4.0,5,13,10.0,1.0,4.0,2.0,2,8,21,20.0,2.0,3.0,1.0,0,14,14,50,14,True,70.0,30.0,True,0.75,1.35,1.0,1.0,-1.0,0.6,0.4
