config,ret,dd,sharpe,wr,tpm,pf,trades,pos_years,y2020,y2022,y2024,y2025,halt20_ret,halt20_dd
ref_brief,-18.26,42.57,-0.124,28.52,16.75,0.935,1206,3,-3.6815858312740146,-17.532088582788496,6.270939618700511,5.35845956838783,-7.07,19.96
ref_di,-4.2,32.43,0.018,28.63,15.77,0.986,1135,3,-3.7139903162219823,-11.375187402889575,3.108010089834079,-0.1375136646543984,-2.41,20.11
r1.0_0.5_tp3.0_a15_20,6.75,18.14,0.137,33.83,15.77,1.027,1135,1,-0.5261169478829153,-0.2919819440068916,-0.20776601961212116,-0.5626729871262115,6.75,18.14
r1.0_0.5_tp3.0_a15_22,8.55,17.98,0.164,32.72,13.67,1.037,984,1,-0.21332876590542948,-1.4957587635430536,-0.19218732777184222,-0.659010464893417,8.55,17.98
r1.0_0.5_tp3.0_a15_25,7.58,18.21,0.153,30.69,11.41,1.035,821,3,0.6259889440730415,-1.9008136096987038,0.7931365812378299,-2.951610606682409,7.58,18.21
r1.0_0.5_tp3.0_a18_20,3.94,19.01,0.097,33.72,15.53,1.016,1118,3,2.1112701327688166,2.278093657502067,-1.6281265590642358,-1.261668914020908,3.94,19.01
r1.0_0.5_tp3.0_a18_22,3.97,17.97,0.096,32.57,13.43,1.017,967,3,2.4312500671730186,1.0593189115356116,-2.071596519586294,-4.088820997657772,3.97,17.97
r1.0_0.5_tp3.0_a18_25,4.66,17.77,0.107,30.47,11.17,1.021,804,3,3.2942447066193647,0.6512302308315565,-0.08544581665440587,-5.444854932991216,4.66,17.77
r1.0_0.5_tp3.0_a20_20,-12.47,22.23,-0.167,33.09,15.16,0.943,1091,2,-8.712248365653297,6.3890000949989645,-11.29407681998642,-3.987173572297986,-11.53,20.01
r1.0_0.5_tp3.0_a20_22,-16.43,21.94,-0.253,31.81,13.06,0.916,940,2,-9.623754282045782,5.112258868328556,-11.001712923437157,-4.781549556566378,-14.68,19.97
r1.0_0.5_tp3.0_a20_25,-7.77,18.97,-0.081,29.47,10.79,0.963,777,2,-7.6479188387505115,4.694388411816175,-6.3756060055043084,-8.270733087058701,-7.77,18.97
r1.0_0.5_tp4.0_a15_20,16.15,21.28,0.238,31.07,15.74,1.059,1133,3,-1.2969791830383492,2.1624372888848775,-4.096825203584553,0.5614481833864815,11.95,20.12
r1.0_0.5_tp4.0_a15_22,17.65,21.05,0.253,29.53,13.64,1.065,982,3,-0.9921380278443581,0.944032979531495,-6.812202829956149,-0.2679830196199773,15.2,19.86
r1.0_0.5_tp4.0_a15_25,17.2,21.73,0.254,26.86,11.38,1.069,819,2,-0.16203424114952236,0.5315717920856056,-4.3359218642007535,-1.4999122311833313,15.36,20.13
r1.0_0.5_tp4.0_a18_20,8.41,22.07,0.148,30.65,15.5,1.032,1116,2,-3.9498079033582822,2.2157017558147363,-7.912168183903711,-1.6395286335899928,6.99,20.14
r1.0_0.5_tp4.0_a18_22,9.07,21.9,0.156,29.02,13.41,1.036,965,2,-3.651234355769495,1.0316550807969005,-8.202111838409564,-2.451070564472835,8.53,20.08
r1.0_0.5_tp4.0_a18_25,9.09,22.28,0.157,26.18,11.14,1.038,802,2,-2.8422755989487736,0.6337531232868621,-7.407422980374234,-3.655390387943769,9.78,20.03
r1.0_0.5_tp4.0_a20_20,-3.59,24.99,-0.009,30.57,15.09,0.985,1086,2,-7.98613808374532,7.16943107788055,-12.316016516494033,-4.7084657937628505,0.0,20.2
r1.0_0.5_tp4.0_a20_22,-4.81,25.26,-0.027,28.88,12.99,0.979,935,2,-7.491376123905402,5.911001624887291,-13.884942864534722,-5.494464995200499,0.71,19.99
r1.0_0.5_tp4.0_a20_25,-2.3,25.4,0.009,25.91,10.72,0.989,772,2,-7.90273229018601,5.506943785241236,-12.191592123440886,-6.660861975382193,3.6,20.11
r1.0_0.75_tp3.0_a15_20,8.31,18.06,0.154,33.83,15.77,1.03,1135,3,-0.7529678952022056,1.8451073953240416,-1.5265265363199387,2.0703369095603774,8.31,18.06
r1.0_0.75_tp3.0_a15_22,8.67,18.13,0.162,32.72,13.67,1.034,984,2,-0.4974642748631908,0.04564159282305358,-1.0866991725442032,-0.18753225620925518,8.67,18.13
r1.0_0.75_tp3.0_a15_25,9.04,18.38,0.171,30.69,11.41,1.039,821,2,0.8305617868636705,-0.7119403425197235,-0.20262428576834912,-2.1972269910172204,9.04,18.38
r1.0_0.75_tp3.0_a18_20,5.08,19.1,0.111,33.72,15.53,1.019,1118,3,1.880537989049258,4.46166966069228,-1.7717917864696675,-0.41336106352195534,5.08,19.1
r1.0_0.75_tp3.0_a18_22,4.9,17.9,0.109,32.57,13.43,1.019,967,3,2.1408968342463863,2.6396801990756114,-3.2408506522774383,-3.0592697127021617,4.9,17.9
r1.0_0.75_tp3.0_a18_25,6.06,17.12,0.124,30.47,11.17,1.025,804,4,3.505222021101795,1.87126889783098,2.0999670302608298,-7.713940165042343,6.06,17.12
r1.0_0.75_tp3.0_a20_20,-14.25,22.27,-0.227,33.09,15.16,0.93,1091,2,-9.555715670399156,5.212038540493258,-4.967816379059398,-2.6033213717530423,-14.22,19.98
r1.0_0.75_tp3.0_a20_22,-12.03,18.25,-0.146,31.81,13.06,0.947,940,2,-9.482400330833762,6.748209066842037,-7.203339685790633,-6.568403304278458,-12.03,18.25
r1.0_0.75_tp3.0_a20_25,-5.37,18.34,-0.04,29.47,10.79,0.976,777,2,-7.463398521482246,5.959643369423073,-5.527278727893825,-7.916427167174267,-5.37,18.34
r1.0_0.75_tp4.0_a15_20,16.48,21.03,0.237,31.07,15.74,1.054,1133,3,-1.5239856251875628,4.347713341909354,-4.540645627465956,1.5491032426935059,11.22,20.02
r1.0_0.75_tp4.0_a15_22,19.04,20.8,0.259,29.53,13.64,1.064,982,4,-1.2789782138748929,2.5250330841658286,-7.625205895239128,0.7905149808367096,14.51,19.91
r1.0_0.75_tp4.0_a15_25,19.31,21.43,0.27,26.86,11.38,1.071,819,3,0.03492126712361099,1.7491019331335123,-6.158099344615808,-0.873810100297423,16.37,20.01
r1.0_0.75_tp4.0_a18_20,9.08,22.66,0.154,30.65,15.5,1.032,1116,2,-4.17148636655984,4.381441534827091,-5.482781643846357,-0.22794391279256088,7.54,19.9
r1.0_0.75_tp4.0_a18_22,9.71,22.1,0.161,29.02,13.41,1.035,965,2,-3.930433510588349,2.610842620189646,-9.52894056175585,-1.4163463692922762,8.45,20.18
r1.0_0.75_tp4.0_a18_25,10.66,22.24,0.174,26.18,11.14,1.042,802,2,-2.649697054600675,1.853271350200525,-7.850332712842556,-3.043454388342526,10.34,20.19
r1.0_0.75_tp4.0_a20_20,-4.07,26.72,-0.015,30.57,15.09,0.984,1086,2,-7.556567037785777,9.437919140946871,-10.03747647473745,-3.3407451245143327,0.99,19.99
r1.0_0.75_tp4.0_a20_22,-0.94,24.32,0.03,28.88,12.99,0.996,935,2,-7.032011564119944,7.555603223443574,-13.001682510815716,-4.49191632786996,2.87,20.02
r1.0_0.75_tp4.0_a20_25,-0.93,24.88,0.029,25.91,10.72,0.996,772,2,-7.652134785524922,6.7819783876117645,-11.10218099739625,-6.0678407804690915,3.62,20.19
r1.0_1.0_tp3.0_a15_20,9.78,17.97,0.167,33.83,15.77,1.032,1135,3,-1.0132630294463096,4.008493903454258,-1.1389119148521254,3.608427697724581,9.78,17.97
r1.0_1.0_tp3.0_a15_22,10.1,17.61,0.174,32.72,13.67,1.036,984,3,-0.8273069613413009,1.5988573767456105,-1.0866051777414287,0.11734605733952908,10.1,17.61
r1.0_1.0_tp3.0_a15_25,11.65,17.78,0.199,30.69,11.41,1.046,821,4,0.9928797360616803,0.4825679273419592,1.2612734520298652,-2.304040474416702,11.65,17.78
r1.0_1.0_tp3.0_a18_20,5.35,19.33,0.113,33.72,15.53,1.018,1118,3,1.615495329912986,6.671983231098766,-1.5049264542350338,-0.8762943572342419,5.35,19.33
r1.0_1.0_tp3.0_a18_22,7.69,17.57,0.142,32.57,13.43,1.027,967,3,1.8036335857196661,4.232148257687984,-3.559692604400888,-1.099243186389709,7.69,17.57
r1.0_1.0_tp3.0_a18_25,10.45,17.26,0.177,30.47,11.17,1.039,804,4,3.6728285984094278,3.097058753252546,2.2415600761047427,-5.208061801678365,10.45,17.26
r1.0_1.0_tp3.0_a20_20,-12.45,22.23,-0.18,33.09,15.16,0.943,1091,2,-9.059269418780858,6.56166591380134,-4.76795844800545,-1.310257046786989,-13.77,20.27
r1.0_1.0_tp3.0_a20_22,-13.25,21.24,-0.183,31.81,13.06,0.939,940,2,-9.109587981371991,7.7873892131702815,-10.374277423609612,-2.8573478066405533,-13.33,20.11
r1.0_1.0_tp3.0_a20_25,-3.38,18.73,-0.007,29.47,10.79,0.986,777,2,-7.317685146509856,7.23079548627461,-4.678626109426986,-7.948570584361181,-3.38,18.73
r1.0_1.0_tp4.0_a15_20,15.74,20.84,0.221,31.07,15.74,1.047,1133,3,-1.7842013411553004,6.559781686297428,-8.672426401334777,1.7715911561734021,10.25,20.05
r1.0_1.0_tp4.0_a15_22,19.08,20.74,0.254,29.53,13.64,1.059,982,4,-1.6111667127869378,4.118197290720049,-8.66379309990255,1.0285235070220722,14.46,19.95
r1.0_1.0_tp4.0_a15_25,20.76,21.44,0.277,26.86,11.38,1.071,819,3,0.18990866212633684,2.972412219174281,-6.5425357694944175,-0.35994307156526073,16.86,20.2
r1.0_1.0_tp4.0_a18_20,10.77,22.4,0.17,30.65,15.5,1.035,1116,3,-4.42547840382902,6.5732285087559905,-5.5279682542663355,1.0902238380480656,7.24,20.24
r1.0_1.0_tp4.0_a18_22,11.47,21.57,0.178,29.02,13.41,1.039,965,2,-4.253768244158273,4.202122767705796,-9.775547050711364,-0.49086631066842523,9.35,19.95
r1.0_1.0_tp4.0_a18_25,12.26,22.06,0.19,26.18,11.14,1.046,802,2,-2.497955740673008,3.0785503337653397,-8.12196379950233,-2.5409015181048655,11.06,20.2
r1.0_1.0_tp4.0_a20_20,-2.14,25.17,0.015,30.57,15.09,0.992,1086,2,-7.0715757653612705,11.733659675088571,-11.131832293521748,-2.0635592760813837,-0.1,19.94
r1.0_1.0_tp4.0_a20_22,0.71,24.36,0.053,28.88,12.99,1.003,935,2,-6.579313557033018,9.21257587084301,-13.134216100216978,-3.59523883946844,3.95,20.11
r1.0_1.0_tp4.0_a20_25,1.41,24.99,0.061,25.91,10.72,1.006,772,2,-7.394214858126846,8.062974137065627,-10.246766578119049,-5.580825227438324,5.76,20.09
r1.5_0.5_tp3.0_a15_20,13.9,22.9,0.198,33.83,15.77,1.044,1135,2,-0.3804488451797039,-1.3518938484650467,2.4698190408812826,-2.8360989832226013,13.7,20.22
r1.5_0.5_tp3.0_a15_22,14.33,22.74,0.203,32.72,13.67,1.047,984,2,-0.060579649121228485,-2.1015176049387407,2.3822654289400225,-3.6311729082999733,15.66,20.05
r1.5_0.5_tp3.0_a15_25,16.28,23.11,0.224,30.69,11.41,1.056,821,3,0.7733884310116013,-2.658546624868219,2.9561528651897317,-4.129662012584578,18.35,20.09
r1.5_0.5_tp3.0_a18_20,10.46,24.8,0.162,33.72,15.53,1.034,1118,4,3.4863114416521235,1.5357800625545481,0.7941105350126598,-2.496023121385005,10.16,20.67
r1.5_0.5_tp3.0_a18_22,10.2,24.18,0.161,32.57,13.43,1.034,967,4,3.816844016914822,0.3251635754343951,0.7063443451957863,-3.2962901426329294,11.11,20.2
r1.5_0.5_tp3.0_a18_25,9.27,24.53,0.151,30.47,11.17,1.032,804,3,4.685373573988039,-0.0601824915509197,1.270231542770217,-4.4987426917604045,11.34,20.43
r1.5_0.5_tp3.0_a20_20,-19.62,26.92,-0.231,33.09,15.16,0.919,1091,2,-10.423923729420281,5.868261244633688,-5.960031912708342,-8.077868047647385,-12.94,20.0
r1.5_0.5_tp3.0_a20_22,-20.34,27.06,-0.242,31.81,13.06,0.913,940,2,-10.174630728379409,4.792540430356285,-6.482520529085301,-8.834366435343998,-11.96,19.81
r1.5_0.5_tp3.0_a20_25,-19.6,27.06,-0.222,29.47,10.79,0.916,777,2,-10.164923270672777,6.155261555201053,-6.400453396433459,-9.968232750780459,-11.94,20.12
r1.5_0.5_tp4.0_a15_20,28.75,25.91,0.302,31.07,15.74,1.081,1133,2,-2.9127231396108733,0.9927656818292885,-2.782952620446566,-1.0166129408068936,32.79,19.84
r1.5_0.5_tp4.0_a15_22,28.99,25.63,0.306,29.53,13.64,1.085,982,2,-3.7711352481499927,0.2596363962151127,-2.8639592282418636,-1.826880663740682,31.41,20.35
r1.5_0.5_tp4.0_a15_25,30.06,26.08,0.317,26.86,11.38,1.092,819,1,-2.061519406304313,-0.5877453705197988,-2.320544607785646,-3.0349547323478165,36.2,19.95
r1.5_0.5_tp4.0_a18_20,6.14,28.89,0.116,30.65,15.5,1.018,1116,2,-7.748662654840032,1.2669516112886026,-7.511810826528443,-3.887087422713009,14.18,20.1
r1.5_0.5_tp4.0_a18_22,9.97,29.33,0.149,29.02,13.41,1.029,965,2,-7.05668896673134,0.10922580898176104,-7.590893860971004,-4.674199191612638,20.64,19.87
r1.5_0.5_tp4.0_a18_25,8.76,29.88,0.139,26.18,11.14,1.027,802,1,-7.012611317755946,-0.26086293989769915,-7.074996065562312,-5.846175824303145,20.64,20.0
r1.5_0.5_tp4.0_a20_20,-11.69,33.84,-0.075,30.57,15.09,0.961,1086,2,-6.96024374662072,8.73347460913292,-13.36914442907563,-8.496347766915646,3.88,20.29
r1.5_0.5_tp4.0_a20_22,-6.72,33.17,-0.014,28.88,12.99,0.978,935,2,-6.552117182462968,7.464930681149928,-13.444849245721645,-9.24539556096471,10.36,20.08
r1.5_0.5_tp4.0_a20_25,-7.04,33.65,-0.018,25.91,10.72,0.976,772,2,-6.532929517802155,7.087051370665232,-12.553901358584374,-10.360809126293557,11.21,19.94
r1.5_0.75_tp3.0_a15_20,13.24,23.39,0.19,33.83,15.77,1.04,1135,3,-0.6015279090827774,0.08904042429109804,2.6123272686346732,-1.3288101899059046,11.45,20.38
r1.5_0.75_tp3.0_a15_22,16.28,22.46,0.22,32.72,13.67,1.05,984,2,-0.3375217627492044,-1.1540960632003383,2.500097110216859,-2.944386332142146,15.88,20.31
r1.5_0.75_tp3.0_a15_25,17.72,23.37,0.236,30.69,11.41,1.058,821,3,0.9834636699719512,-1.8308068373917186,3.419185230159427,-3.517478976446986,18.91,20.29
r1.5_0.75_tp3.0_a18_20,8.87,25.27,0.146,33.72,15.53,1.027,1118,4,3.259816184871678,3.699198521730507,0.9346821169461839,-1.094294492572423,7.57,20.42
r1.5_0.75_tp3.0_a18_22,12.69,24.17,0.183,32.57,13.43,1.039,967,4,3.531034451894488,1.8882390981257657,0.8216947276825204,-2.2661603391464835,12.18,20.19
r1.5_0.75_tp3.0_a18_25,12.96,22.8,0.185,30.47,11.17,1.041,804,4,4.904984006070823,1.151870766164076,0.9388124531683584,-3.8903323953330404,12.54,20.28
r1.5_0.75_tp3.0_a20_20,-17.91,26.72,-0.199,33.09,15.16,0.931,1091,2,-9.96176212743639,5.751911026909884,-5.759322717265725,-6.7564576638218465,-12.02,19.88
r1.5_0.75_tp3.0_a20_22,-18.1,25.75,-0.199,31.81,13.06,0.928,940,2,-9.798527839325576,5.474792103417281,-6.745911268095462,-7.863380215860049,-10.98,19.67
r1.5_0.75_tp3.0_a20_25,-17.75,26.37,-0.185,29.47,10.79,0.929,777,2,-9.511156433671509,7.4370064042301065,-6.5074813263881754,-9.39517204250554,-10.25,19.92
r1.5_0.75_tp4.0_a15_20,23.22,25.45,0.259,31.07,15.74,1.064,1133,3,-5.292125707626171,3.3696987479737484,-2.646864088450507,0.39684718973793665,23.17,19.99
r1.5_0.75_tp4.0_a15_22,27.34,25.33,0.294,29.53,13.64,1.079,982,2,-5.046953687519173,0.4316156088292056,-2.7500232569728666,-0.7889419926142449,29.01,19.85
r1.5_0.75_tp4.0_a15_25,32.91,25.66,0.337,26.86,11.38,1.097,819,2,-1.63745777970834,0.23674156602950802,-1.8798269283012758,-2.4214747813924853,37.72,19.82
r1.5_0.75_tp4.0_a18_20,7.43,28.87,0.127,30.65,15.5,1.02,1116,2,-7.974579900938217,3.4006484019138528,-7.382558028663899,-2.5154348860527143,14.04,20.26
r1.5_0.75_tp4.0_a18_22,13.62,28.21,0.178,29.02,13.41,1.038,965,2,-6.549663247132143,1.6680320228709355,-7.483837865475351,-3.6674722957965256,21.68,19.91
r1.5_0.75_tp4.0_a18_25,12.21,28.57,0.167,26.18,11.14,1.036,802,2,-6.345460835010508,0.9484228247223836,-6.656379783734334,-5.251318133042549,21.31,20.12
r1.5_0.75_tp4.0_a20_20,-7.65,33.3,-0.026,30.57,15.09,0.976,1086,2,-7.024252300328692,11.021146227429114,-13.181834139955917,-7.190108170569987,6.58,20.29
r1.5_0.75_tp4.0_a20_22,-9.73,33.01,-0.05,28.88,12.99,0.968,935,2,-6.634578228588017,9.121954973754587,-13.279222026536551,-8.286685645750868,5.72,20.26
r1.5_0.75_tp4.0_a20_25,-4.44,33.33,0.011,25.91,10.72,0.985,772,2,-6.325290464458167,8.380040991785354,-12.09550697594901,-9.794137925926627,13.17,19.91
r1.5_1.0_tp3.0_a15_20,9.09,23.7,0.147,33.83,15.77,1.026,1135,3,-0.8559694740089219,1.0908698813339779,2.8035002564131384,-0.3718121791897122,6.73,20.12
r1.5_1.0_tp3.0_a15_22,17.62,22.46,0.229,32.72,13.67,1.051,984,2,-0.6603133576016162,-0.34218280609253915,2.6337550693788403,-1.940476169486316,16.15,20.14
r1.5_1.0_tp3.0_a15_25,19.61,23.4,0.252,30.69,11.41,1.061,821,3,1.1512415378976293,-1.409840811094032,3.8912563167261327,-3.01466578946189,19.71,20.29
r1.5_1.0_tp3.0_a18_20,10.27,25.63,0.159,33.72,15.53,1.03,1118,5,2.9986947065719916,5.888978699928438,1.1227289692280484,0.5556346228503095,7.48,20.17
r1.5_1.0_tp3.0_a18_22,9.65,24.48,0.152,32.57,13.43,1.029,967,4,3.197610252899774,3.4631525769586835,0.9522178794940439,-1.9682806710529133,8.96,20.22
r1.5_1.0_tp3.0_a18_25,14.25,22.8,0.196,30.47,11.17,1.043,804,4,5.080661976175271,2.369629395455619,0.8071003742992078,-3.3902858688034776,13.8,20.06
r1.5_1.0_tp3.0_a20_20,-16.19,26.69,-0.172,33.09,15.16,0.94,1091,2,-9.476524764163663,5.964264983296097,-5.3479026381081045,-5.522192049691077,-11.56,20.17
r1.5_1.0_tp3.0_a20_22,-15.96,25.16,-0.157,31.81,13.06,0.941,940,2,-9.118108980150764,7.094722784488239,-6.9903727771157715,-6.994308431482721,-11.19,20.09
r1.5_1.0_tp3.0_a20_25,-16.19,26.17,-0.158,29.47,10.79,0.938,777,2,-9.313287130161974,8.72468477074686,-6.0609973985957355,-8.92420458482388,-9.2,19.82
r1.5_1.0_tp4.0_a15_20,24.13,24.68,0.262,31.07,15.74,1.061,1133,3,-4.534836767607231,4.398215343561573,-2.4647919407885466,1.715380594847682,21.25,20.17
r1.5_1.0_tp4.0_a15_22,31.12,24.66,0.317,29.53,13.64,1.084,982,3,-4.101470695689436,2.7065294154482666,-2.6212438682827077,0.13823959100396355,32.17,19.88
r1.5_1.0_tp4.0_a15_25,32.5,25.91,0.33,26.86,11.38,1.092,819,2,-2.6347533830278325,0.4561393511992362,-1.430706182496766,-1.9188461666016288,35.35,19.92
r1.5_1.0_tp4.0_a18_20,10.37,28.75,0.151,30.65,15.5,1.027,1116,2,-7.102607282840301,5.559659480751078,-7.209436404756541,-1.2353683676636917,15.91,20.11
r1.5_1.0_tp4.0_a18_22,11.33,27.7,0.16,29.02,13.41,1.031,965,2,-7.014556404244998,3.238640278846927,-7.362539944391133,-2.767709426397691,17.82,19.78
r1.5_1.0_tp4.0_a18_25,13.6,28.67,0.178,26.18,11.14,1.038,802,2,-6.4608481801323725,2.163420761556356,-6.2296489303682705,-4.763517465523648,23.04,19.63
r1.5_1.0_tp4.0_a20_20,-3.73,33.24,0.018,30.57,15.09,0.989,1086,2,-7.129924770888774,13.335915104921714,-12.953302520831256,-5.971102133815476,-7.74,20.19
r1.5_1.0_tp4.0_a20_22,-6.7,32.62,-0.014,28.88,12.99,0.979,935,2,-6.7557472972710535,10.791191919882316,-13.100201525511002,-7.429855090499771,-7.36,20.13
r1.5_1.0_tp4.0_a20_25,-2.72,33.61,0.03,25.91,10.72,0.991,772,2,-6.152843399808317,9.67904441394445,-11.88893783528313,-9.32943548609596,14.6,20.22
r2.0_0.5_tp3.0_a15_20,14.07,28.8,0.184,33.83,15.77,1.037,1135,2,-0.4553197788888852,-2.681122148743431,2.6371688947882443,-3.110193771904457,21.33,20.27
r2.0_0.5_tp3.0_a15_22,15.5,27.83,0.196,32.72,13.67,1.042,984,2,-0.12901580533939416,-2.3108024897732893,2.550675792099022,-3.897360745098455,22.55,20.44
r2.0_0.5_tp3.0_a15_25,13.82,28.21,0.182,30.69,11.41,1.039,821,3,0.6975795978421795,-2.917481857974491,3.1277163360862614,-5.089506260005794,23.11,20.06
r2.0_0.5_tp3.0_a18_20,12.08,28.09,0.165,33.72,15.53,1.031,1118,4,4.643080821596812,1.2324183675897604,0.6972296870658035,-4.755347339084059,17.81,20.08
r2.0_0.5_tp3.0_a18_22,12.54,27.29,0.169,32.57,13.43,1.032,967,4,4.983699393507912,0.0231945719239679,0.6102111009069988,-5.532286308018863,18.48,20.13
r2.0_0.5_tp3.0_a18_25,10.93,28.07,0.156,30.47,11.17,1.029,804,3,5.855605730431734,-0.9552588220880565,1.1757068966548267,-6.706527350048308,19.22,20.03
r2.0_0.5_tp3.0_a20_20,-22.05,31.18,-0.189,33.09,15.16,0.925,1091,2,-11.14339142938553,4.514667448912002,-7.653658030960564,-12.032504552558665,-10.93,20.0
r2.0_0.5_tp3.0_a20_22,-21.49,32.02,-0.18,31.81,13.06,0.926,940,2,-10.749824520884843,6.245560904609504,-8.311346823649945,-12.752712809919464,-10.64,20.04
r2.0_0.5_tp3.0_a20_25,-25.3,32.48,-0.239,29.47,10.79,0.907,777,2,-11.211034453707269,1.01235496974037,-7.215968085377655,-13.837634643029817,-11.56,20.06
r2.0_0.5_tp4.0_a15_20,33.27,30.36,0.297,31.07,15.74,1.076,1133,3,-4.463878968330725,2.8596199691724777,-4.401141130736253,-2.621880288207168,42.5,20.4
r2.0_0.5_tp4.0_a15_22,34.79,30.18,0.306,29.53,13.64,1.081,982,3,-3.5886928156330655,2.5402257189376387,-4.479050347374313,-3.413082694283198,48.29,19.63
r2.0_0.5_tp4.0_a15_25,33.45,30.59,0.3,26.86,11.38,1.081,819,2,-4.35566558773508,2.1766987231392587,-3.943339124655998,-4.597215646344665,48.5,19.67
r2.0_0.5_tp4.0_a18_20,6.6,36.31,0.121,30.65,15.5,1.016,1116,1,-5.917946689562381,-1.5857051665365551,-10.078450480506508,-6.138440853309013,27.17,20.2
r2.0_0.5_tp4.0_a18_22,7.98,35.97,0.131,29.02,13.41,1.02,965,1,-5.4946002674788215,-1.6266305579788587,-10.154316857997337,-6.9014767166167506,29.53,20.25
r2.0_0.5_tp4.0_a18_25,11.27,36.6,0.154,26.18,11.14,1.028,802,1,-5.161485452302483,-2.1448902720902607,-9.651557479403072,-8.041397279815909,35.38,20.2
r2.0_0.5_tp4.0_a20_20,-7.86,39.71,0.005,30.57,15.09,0.98,1086,2,-6.560589582234899,10.028360969599358,-17.21087801240666,-12.175079937628542,-5.99,20.16
r2.0_0.5_tp4.0_a20_22,-9.89,40.29,-0.015,28.88,12.99,0.974,935,2,-6.142530849656325,8.752509744053727,-16.76159932672587,-12.888637139031289,-5.52,20.07
r2.0_0.5_tp4.0_a20_25,-12.72,41.09,-0.042,25.91,10.72,0.965,772,2,-6.3792778566356345,8.401704069906724,-16.29891713959124,-13.954868462160396,-6.76,20.31
r2.0_0.75_tp3.0_a15_20,15.66,28.87,0.195,33.83,15.77,1.039,1135,2,-0.6702798189150982,-1.6973183893067456,2.778047231536296,-1.7206465685922212,20.73,20.46
r2.0_0.75_tp3.0_a15_22,16.06,28.37,0.199,32.72,13.67,1.042,984,2,-0.3982800351668758,-2.513029516301757,2.6675709674615966,-2.8734966290776653,23.03,20.2
r2.0_0.75_tp3.0_a15_25,17.12,27.74,0.208,30.69,11.41,1.046,821,3,0.9124682983420396,-2.1046826613302927,3.591308723079223,-4.485324266465973,24.83,20.05
r2.0_0.75_tp3.0_a18_20,6.0,28.3,0.115,33.72,15.53,1.015,1118,3,4.421326052882857,-0.4814216932064297,0.8357816908322935,-3.38970468873121,9.55,20.17
r2.0_0.75_tp3.0_a18_22,14.3,27.49,0.182,32.57,13.43,1.035,967,4,4.703110705867464,0.9504492031751521,0.7239865770745979,-4.527074101066441,19.06,20.17
r2.0_0.75_tp3.0_a18_25,13.89,27.51,0.179,30.47,11.17,1.036,804,4,6.083308561374112,0.24663209251898355,1.6304810596237118,-6.113327932875922,20.16,20.13
r2.0_0.75_tp3.0_a20_20,-17.17,31.23,-0.123,33.09,15.16,0.946,1091,2,-11.078698979443313,9.396944430458486,-8.10510416292134,-10.771201951316645,-10.44,20.28
r2.0_0.75_tp3.0_a20_22,-19.23,31.02,-0.148,31.81,13.06,0.937,940,2,-10.70146856639701,7.763054213741349,-8.0042201218676,-11.824441140401355,-10.33,20.48
r2.0_0.75_tp3.0_a20_25,-24.17,31.77,-0.22,29.47,10.79,0.914,777,2,-10.914391514705258,3.3496539848088203,-6.799612704214275,-13.290356845720686,-11.1,20.01
r2.0_0.75_tp4.0_a15_20,21.35,30.76,0.225,31.07,15.74,1.05,1133,2,-4.213419813292251,4.1301211501259205,-4.268653953336942,-1.238526717591426,29.05,20.35
r2.0_0.75_tp4.0_a15_22,30.79,30.41,0.284,29.53,13.64,1.071,982,2,-4.64310664057066,3.6811175961670273,-4.36729104854674,-2.3957761482533035,-7.47,20.11
r2.0_0.75_tp4.0_a15_25,34.4,31.01,0.304,26.86,11.38,1.08,819,2,-3.513795738440373,2.883257691406982,-3.5097834028338326,-3.9963711280365466,46.95,20.03
r2.0_0.75_tp4.0_a18_20,7.3,36.19,0.127,30.65,15.5,1.017,1116,1,-5.821980010755845,-0.21436721533728553,-9.954314223566051,-4.80627385613227,26.11,20.36
r2.0_0.75_tp4.0_a18_22,8.4,35.42,0.134,29.02,13.41,1.02,965,1,-5.413589757642956,-0.6030859912905306,-10.051114760602609,-5.922498517781105,-8.73,20.04
r2.0_0.75_tp4.0_a18_25,13.63,36.07,0.17,26.18,11.14,1.032,802,1,-4.846520122037623,-1.4175694541141537,-9.244695813797065,-7.463433112398555,40.6,19.87
r2.0_0.75_tp4.0_a20_20,-6.39,40.49,0.017,30.57,15.09,0.984,1086,2,-6.384143247165463,12.32967192948382,-16.57102703167954,-10.9280604440385,-5.05,20.09
r2.0_0.75_tp4.0_a20_22,-5.1,38.73,0.03,28.88,12.99,0.987,935,2,-5.980670679650634,10.417847353385445,-17.002565712220342,-11.97222798522386,-5.06,20.39
r2.0_0.75_tp4.0_a20_25,-10.13,40.65,-0.018,25.91,10.72,0.973,772,2,-6.072141536321585,9.709438062681253,-15.922232051508844,-13.413591785703638,-6.33,20.3
r2.0_1.0_tp3.0_a15_20,18.81,28.99,0.218,33.83,15.77,1.045,1135,2,-0.9184446754981423,-0.6613903331516235,2.9676685463931873,-0.4241135088485892,22.78,20.07
r2.0_1.0_tp3.0_a15_22,19.4,27.94,0.224,32.72,13.67,1.048,984,2,-0.7134347989947165,-1.31632957320591,2.8003167064515555,-1.958122745524693,24.43,20.24
r2.0_1.0_tp3.0_a15_25,19.74,27.3,0.227,30.69,11.41,1.052,821,3,1.0851092861125622,-1.276921074342685,4.063953062678927,-3.989812469597709,25.9,20.08
r2.0_1.0_tp3.0_a18_20,10.8,28.79,0.154,33.72,15.53,1.026,1118,4,4.164708037846698,3.2281963156124416,1.0216330173269617,-2.114698870353493,13.36,20.08
r2.0_1.0_tp3.0_a18_22,6.88,27.62,0.123,32.57,13.43,1.017,967,3,4.374301109504319,-0.9472492323633563,0.8527894986527285,-3.627737592420721,10.33,20.09
r2.0_1.0_tp3.0_a18_25,15.28,27.86,0.189,30.47,11.17,1.038,804,4,6.2666089988761,1.4541730696077781,2.0936085701209084,-5.626174452265486,21.2,20.13
r2.0_1.0_tp3.0_a20_20,-20.0,30.99,-0.167,33.09,15.16,0.936,1091,2,-11.142413931902873,8.489684384031925,-7.355092830562848,-9.593509598665273,-9.35,20.01
r2.0_1.0_tp3.0_a20_22,-24.07,33.26,-0.254,31.81,13.06,0.912,940,1,-10.779230538998474,-1.4106902755043005,-7.510210972795884,-10.993860676873568,-9.12,20.09
r2.0_1.0_tp3.0_a20_25,-23.12,31.11,-0.199,29.47,10.79,0.922,777,2,-10.159620616164,3.7738745474057867,-6.375606005504397,-12.840932677208661,-11.2,20.42
r2.0_1.0_tp4.0_a15_20,23.8,30.6,0.239,31.07,15.74,1.053,1133,3,-3.002890048185558,5.012812783001119,-4.091020944084322,0.050935434316667916,30.36,20.12
r2.0_1.0_tp4.0_a15_22,25.84,29.83,0.253,29.53,13.64,1.06,982,2,-3.5062946810466067,4.7696940156023215,-4.24100353566944,-1.4878474037492317,-6.72,20.35
r2.0_1.0_tp4.0_a15_25,36.81,30.56,0.317,26.86,11.38,1.083,819,2,-3.3151294904669615,3.613876672789007,-3.0680339571881876,-3.5049557405738785,47.57,20.16
r2.0_1.0_tp4.0_a18_20,7.79,35.93,0.13,30.65,15.5,1.017,1116,2,-5.766950457345521,1.8361096717114167,-9.787555045840858,-3.5638443379947926,24.68,20.44
r2.0_1.0_tp4.0_a18_22,11.18,35.25,0.154,29.02,13.41,1.025,965,2,-4.778038472605218,0.5078148200339028,-9.934090745743585,-5.0481920369236155,34.16,19.96
r2.0_1.0_tp4.0_a18_25,15.3,35.92,0.181,26.18,11.14,1.035,802,1,-4.56644361548414,-0.6918297211711999,-8.829971349419253,-6.990190449712963,37.56,20.02
r2.0_1.0_tp4.0_a20_20,-15.57,40.51,-0.076,30.57,15.09,0.96,1086,2,-6.506649915254226,10.929644715913224,-16.41336578239898,-9.76505081131559,-4.5,20.33
r2.0_1.0_tp4.0_a20_22,-13.82,39.61,-0.056,28.88,12.99,0.964,935,2,-6.1160804635843835,12.095208739254982,-16.553344239426615,-11.153809733107934,-3.87,20.08
r2.0_1.0_tp4.0_a20_25,-6.9,40.56,0.012,25.91,10.72,0.982,772,2,-5.7995065667523775,11.023222337829019,-15.53829084877777,-12.970354382441174,-5.94,20.3
lowdd,4.66,17.77,0.107,30.47,11.17,1.021,804,3,3.2942447066193647,0.6512302308315565,-0.08544581665440587,-5.444854932991216,4.66,17.77
bal,16.28,22.46,0.22,32.72,13.67,1.05,984,2,-0.3375217627492044,-1.1540960632003383,2.500097110216859,-2.944386332142146,15.88,20.31
