config,ret,dd,sharpe,wr,tpm,pf,trades,pos_years,y2020,y2021,y2022,y2023,y2024,y2025
ref,-18.26,42.57,-0.124,28.52,16.75,0.935,1206,3,-3.6815858312740146,-10.389819558173407,-17.532088582788496,2.5689090309855667,6.270939618700511,5.35845956838783
ref_di,31.75,26.71,0.274,30.19,15.74,1.067,1133,2,13.479290371499042,-5.659082213190459,-6.906212955007829,46.127501630925494,-3.2222894423901693,-6.52138551198056
ref_di_session,68.65,24.19,0.448,28.32,13.2,1.13,950,3,29.48892667463856,-1.4714414656101793,-3.388778713133178,53.51135835090444,-12.287432729500292,1.6172943908001836
r1_0.5_tp3_a12_20,37.05,13.64,0.443,35.06,15.81,1.125,1138,5,0.49802076872735856,7.586348201095627,-4.938081074890077,17.352727114797762,8.726436666586146,4.499833701918932
r1_0.5_tp3_a15_22,78.95,10.35,0.771,35.46,13.71,1.239,987,6,6.048481855812948,16.34730436549394,7.451638269615368,17.4456175381162,6.131887471505881,8.288613455078565
r1_0.5_tp3_a18_25,64.81,9.81,0.689,33.29,11.39,1.22,820,6,9.153926256963253,12.678121616720706,5.2283863412213805,14.004541259057056,6.935362185725458,4.456943816241865
r1_0.5_tp3_a10_18,35.95,12.2,0.428,35.5,17.77,1.116,1279,5,-0.04125866370211506,3.5131692499842604,3.226274817452812,15.186278022581146,5.928552056954084,4.321718808784514
r1_0.5_tp4_a12_20,28.74,15.33,0.337,31.95,15.78,1.09,1136,4,3.0523871286785687,12.608275077318787,-0.7832649009920645,8.820874374867715,-3.4944354971368052,6.475313750879219
r1_0.5_tp4_a15_22,89.46,11.07,0.751,31.98,13.68,1.226,985,5,9.67315878342112,27.22904748267947,15.294929433028992,16.150177961795297,-3.527687472015273,5.0990963260952205
r1_0.5_tp4_a18_25,42.65,16.08,0.458,28.48,11.36,1.132,818,4,3.932007373868518,30.01135394598473,6.235081392404673,12.185530136652112,-7.558289285513942,-4.177601169360823
r1_0.5_tp4_a10_18,16.36,16.22,0.225,32.58,17.74,1.05,1277,4,2.48364570729791,4.2284960981883835,9.700359071737875,6.817580057004635,-3.7546387207008203,-3.4104613938075734
r1_0.5_tp5_a12_20,29.6,18.43,0.326,30.19,15.74,1.093,1133,4,12.014926140043492,3.332944822715489,-9.446938730987908,22.163954162801502,3.8730061358387857,-2.5580876483409676
r1_0.5_tp5_a15_22,95.03,12.55,0.72,29.4,13.66,1.222,983,4,20.649469935362454,19.906626445172627,3.2051859584132147,36.12129207104198,-3.2465168950759127,-0.8187467315520003
r1_0.5_tp5_a18_25,115.36,13.71,0.811,27.22,11.28,1.276,812,4,13.989072623344544,37.77846782561065,7.7948706397214185,31.611611048027854,-1.2002288061205735,-2.168464344222898
r1_0.5_tp5_a10_18,30.07,17.13,0.327,31.16,17.7,1.09,1274,4,5.427243245093805,1.1407583759753592,-5.87354855118023,28.549748952712296,3.4987905987870827,-2.598188632656495
r1.5_0.75_tp3_a12_20,23.5,21.27,0.27,35.06,15.81,1.072,1138,4,-4.848831872153559,2.315546507520949,-6.380947985100017,16.69481003408009,10.28394781955706,5.28546845690101
r1.5_0.75_tp3_a15_22,129.53,15.33,0.761,35.46,13.71,1.228,987,6,8.673879539194719,24.616627172329398,11.044468414517915,26.670968263458228,8.361074858593875,11.194319576346
r1.5_0.75_tp3_a18_25,104.06,14.85,0.681,33.29,11.39,1.209,820,6,13.846580273662035,18.634681774585026,7.339371536070494,21.216484968589032,9.878077766748227,5.677809151808688
r1.5_0.75_tp3_a10_18,17.03,20.31,0.216,35.5,17.77,1.05,1279,4,-4.206547519678039,0.8170612157719637,-2.7154934079911652,13.505653745639101,4.506527353468548,5.010366901383123
r1.5_0.75_tp4_a12_20,3.74,24.05,0.092,31.95,15.78,1.013,1136,3,-1.7320807391960846,8.2696157086108,-6.600808107491352,6.486516807943099,-4.958740385164684,3.1535417178651493
r1.5_0.75_tp4_a15_22,133.45,16.48,0.709,31.98,13.68,1.19,985,5,14.314638216220033,42.01653782222381,23.441242146880015,24.10516375079641,-6.185916354062082,0.055915253511495955
r1.5_0.75_tp4_a18_25,63.08,23.44,0.476,28.48,11.36,1.133,818,5,4.864625418269952,46.34199248437931,8.633177917086288,17.818963473061665,-17.058919651363137,0.1069712658210209
r1.5_0.75_tp4_a10_18,2.95,20.7,0.089,32.58,17.74,1.008,1277,3,-1.8200634632425383,0.9268447597383656,11.852037184113362,9.291226214400684,-11.896979841280242,-3.5297820572912975
r1.5_0.75_tp5_a12_20,15.9,25.29,0.193,30.19,15.74,1.042,1133,3,11.283304338526335,1.1497592856773764,-9.925472600768925,26.08103054807229,-5.081579368265377,-4.485627990187102
r1.5_0.75_tp5_a15_22,138.95,19.15,0.676,29.4,13.66,1.184,983,4,31.557897827656944,30.22981313212163,4.830533999628983,56.62560025425052,-9.892459385785092,-5.732957468888166
r1.5_0.75_tp5_a18_25,141.14,22.2,0.728,27.22,11.28,1.227,812,4,12.275380334222463,59.177038350087294,11.10420711826019,48.74834131531618,-15.808318826869705,-3.0260296117814667
r1.5_0.75_tp5_a10_18,26.77,21.07,0.263,31.16,17.7,1.065,1274,2,11.39703874991309,-1.3442255302902661,-7.567864064377005,32.750771408256306,-5.041636061083754,-1.0012878730315422
r2_1_tp3_a12_20,21.17,23.14,0.225,35.06,15.81,1.048,1138,3,-0.9661697650473644,5.914854823868754,-7.080298044777866,22.240159391507763,7.68062939795513,-5.550639521607559
r2_1_tp3_a15_22,173.61,18.58,0.732,35.46,13.71,1.213,987,6,10.99892554051294,26.34383745017963,13.973477844452663,36.26803341458871,10.310638235570991,13.879337517586787
r2_1_tp3_a18_25,78.75,20.04,0.506,33.29,11.39,1.141,820,4,18.365413677908936,18.878739573830504,-0.08132622814034374,19.36726217626252,-0.13339646231748103,6.651072033516581
r2_1_tp3_a10_18,6.76,23.73,0.122,35.5,17.77,1.016,1279,2,-1.464076628995703,-0.622395619568139,0.36938407016284813,16.308934426206513,-1.5897757592634676,-5.102154065752762
r2_1_tp4_a12_20,15.63,27.35,0.192,31.95,15.78,1.04,1136,4,2.466799884799853,13.121187459613814,-5.360938240477076,8.242489902096729,-7.140133612576438,4.865684058801878
r2_1_tp4_a15_22,159.23,18.22,0.649,31.98,13.68,1.167,985,5,13.878785094738411,41.46332933457138,28.763539871183717,31.72821412307256,-9.062103462755855,4.323066047212731
r2_1_tp4_a18_25,84.47,25.92,0.482,28.48,11.36,1.128,818,5,2.658313738087714,59.84843777528255,10.752991421677205,23.27677869804552,-17.66550860491256,0.0013199149414999667
r2_1_tp4_a10_18,9.91,23.63,0.146,32.58,17.74,1.019,1277,4,2.748830068577379,0.6045444225150076,17.111048633075043,6.800992091753177,-12.670537085103394,-2.6542086707514123
r2_1_tp5_a12_20,17.06,28.65,0.191,30.19,15.74,1.038,1133,2,13.474820001288212,-3.931988473008552,-10.988543587933519,35.98014135682488,-5.68888849757252,-5.933025675780346
r2_1_tp5_a15_22,151.37,24.08,0.63,29.4,13.66,1.169,983,4,28.515986401512873,40.75458038495394,2.602874779232378,68.78812647528156,-16.96207084894129,-3.3703005386993445
r2_1_tp5_a18_25,178.97,24.36,0.695,27.22,11.28,1.206,812,4,13.746059836500745,63.4861975161678,11.530167285328252,67.14499329768174,-16.07539995247691,-4.1123602914494235
r2_1_tp5_a10_18,33.38,24.6,0.28,31.16,17.7,1.067,1274,2,12.933936698631143,-3.083014882339985,-5.923675985996413,42.97548424123683,-3.623786946323726,-5.993238735853312
r1_1_tp3_a12_20,28.11,17.8,0.351,35.06,15.81,1.091,1138,5,1.2434259222643629,0.025114307027007676,-2.6019151089703874,9.224726671836647,8.228892905342233,9.87759588720234
r1_1_tp3_a15_22,94.39,12.35,0.821,35.46,13.71,1.243,987,6,6.154685588154729,15.159356401585612,11.61158684561805,17.239619805828088,7.921698689015355,12.601941489998868
r1_1_tp3_a18_25,77.46,10.85,0.75,33.29,11.39,1.232,820,6,10.447803144793477,12.184831564472741,8.327151481340467,13.234978016033727,9.52284199569393,6.604760103256679
r1_1_tp3_a10_18,33.27,16.71,0.379,35.5,17.77,1.093,1279,5,0.35543777451632064,-3.25333942155579,4.733697982391516,11.99921731771525,6.926754181726835,9.44119852219012
r1_1_tp4_a12_20,14.4,20.61,0.226,31.95,15.78,1.054,1136,4,3.7961425551031214,4.045710274311065,-3.523845659730218,2.9778698813350157,-3.270339320592275,10.228942930825436
r1_1_tp4_a15_22,105.77,10.54,0.802,31.98,13.68,1.229,985,5,9.768335300998277,25.908408707841303,19.77511875898934,15.951721705960509,-1.8840312049573815,9.260997075493504
r1_1_tp4_a18_25,60.68,15.34,0.566,28.48,11.36,1.165,818,5,5.155642587470188,29.386577934437174,9.37315456417782,11.426694898689238,-5.32590991658124,2.358050491076602
r1_1_tp4_a10_18,16.23,16.86,0.215,32.58,17.74,1.043,1277,4,2.8656025027487875,-2.127552555591461,12.048347154481775,3.8826557623269142,-2.8385722856867024,2.0854095812922635
r1_1_tp5_a12_20,27.76,21.01,0.319,30.19,15.74,1.087,1133,4,6.401181733829442,-3.9753618682483505,-5.780579983523304,22.99965389713399,5.580819428926764,2.1973660619179602
r1_1_tp5_a15_22,111.92,11.75,0.776,29.4,13.66,1.225,983,5,20.74779713940409,18.704911775236454,7.253706135365423,35.90958509191322,-1.5939638966293024,3.070910596085996
r1_1_tp5_a18_25,131.69,14.08,0.861,27.22,11.28,1.28,812,5,15.32573330228817,37.13533151814836,10.97836256438356,30.713708561837105,1.1850582960444278,-0.1924315026793244
r1_1_tp5_a10_18,22.89,19.05,0.276,31.16,17.7,1.067,1274,4,3.7573422345144936,-1.378931820777829,-3.945671737230083,17.472657042031138,4.459241627061861,1.88565091659465
ema513_di,61.21,18.59,0.45,33.1,15.86,1.133,1142,5,7.59627000607026,1.9221511646082101,9.035702369411736,9.151052825480255,-2.731872073444974,26.986204932720636
bg_only_di,0.95,25.38,0.055,38.06,10.88,1.003,783,3,9.38797640844593,-13.736730664975628,5.543590077901661,-4.120799907656025,5.799255464532727,-0.07950526908735434
sniper_only_di,112.34,39.45,0.511,22.01,11.04,1.112,795,5,15.279649771146264,55.873517550478354,32.9157507154908,1.4324378812806016,-17.440059629663185,6.167535575512173
conservative_di,53.17,14.06,0.556,30.98,11.43,1.165,823,4,4.035081047080169,26.69185836513659,9.854713029803296,15.27915845285104,-5.805925531476131,-2.578117240286315
balanced_rr_di,24.01,20.61,0.308,38.31,16.39,1.076,1180,4,1.2570303074633582,-1.219133367817149,-1.1909782598378937,6.5431034510682995,1.7919131143395939,15.698425183505416
