config,mom_lookback,mom_lookback_short,swing_lookback,swing_lookback_short,sniper_resid_z,bg_resid_z,sniper_tp_atr,bg_tp_atr,sniper_risk_pct,bg_risk_pct,use_sweep_stop,bg_persist,ret,dd,sharpe,wr,tpm,pf,trades,pos_years,train,train_dd,oos,oos_dd,oos_sharpe,y2020,y2021,y2022,y2023,y2024,y2025,score
ml8_ms4_sl18_ss24_sz1.25_bz0.75_tp4.0/2.5_r1.5_p2,8,4,18,24,1.25,0.75,4.0,2.5,1.5,1.0,True,2,13.54,4.76,0.443,36.84,1.32,1.543,95,5,8.91,4.76,4.25,2.47,0.63,-2.031510049533658,2.0353753621505932,2.8448508257896243,5.940254839021852,2.305813920432631,1.89996484398125,14.2265
ml8_ms4_sl18_ss24_sz1.25_bz0.75_tp4.0/2.5_r1.0_p2,8,4,18,24,1.25,0.75,4.0,2.5,1.0,1.0,True,2,9.87,4.16,0.396,36.84,1.32,1.437,95,5,6.8,4.16,2.87,2.17,0.542,-1.1191198894088372,1.3708226415444225,1.091978626592205,5.401543045377588,1.7754203618028486,1.0725382576005416,13.955750000000002
ml8_ms4_sl18_ss24_sz1.25_bz0.75_tp3.0/2.5_r1.5_p2,8,4,18,24,1.25,0.75,3.0,2.5,1.5,1.0,True,2,11.29,4.76,0.416,37.89,1.32,1.468,95,6,8.09,4.76,2.96,2.47,0.483,0.07913171945870268,1.2923673396247892,1.2780894939941723,5.277823149516281,1.9048207654370097,1.0399998773711783,13.922749999999999
ml8_ms4_sl18_ss24_sz1.25_bz0.75_tp3.0/2.5_r1.0_p2,8,4,18,24,1.25,0.75,3.0,2.5,1.0,1.0,True,2,8.39,4.16,0.366,37.89,1.32,1.381,95,6,6.25,4.16,2.02,2.17,0.401,0.29666371498049404,0.8739458937619515,0.056161797686460346,4.958490421656303,1.5080915918057602,0.5002257699922241,13.677249999999999
ml8_ms4_sl18_ss24_sz1.0_bz0.5_tp4.0/2.5_r1.5_p2,8,4,18,24,1.0,0.5,4.0,2.5,1.5,1.0,True,2,10.8,5.13,0.327,32.52,1.71,1.317,123,5,8.09,5.13,2.5,2.72,0.348,-1.6840142552270065,1.6586040927367263,3.030858099246969,4.966026857287775,1.6779293073894586,0.8118853047446084,13.619
ml8_ms4_sl18_ss24_sz1.25_bz0.5_tp4.0/2.5_r1.5_p2,8,4,18,24,1.25,0.5,4.0,2.5,1.5,1.0,True,2,9.28,5.37,0.302,32.79,1.69,1.283,122,5,6.61,5.37,2.5,2.72,0.348,-1.6840142552270065,1.4022776708228601,1.8801713294649192,4.966026857287753,1.6779293073894364,0.8118853047445862,13.556
ml8_ms4_sl18_ss24_sz1.0_bz0.5_tp3.0/2.5_r1.5_p2,8,4,18,24,1.0,0.5,3.0,2.5,1.5,1.0,True,2,7.72,5.6,0.269,33.33,1.71,1.233,123,5,6.41,5.6,1.24,2.72,0.19,0.4341139937384275,0.48989937337418077,1.0731479438528035,4.309686898341858,1.279397179996411,-0.04088825631594073,13.247
ml8_ms4_sl18_ss24_sz1.25_bz0.5_tp3.0/2.5_r1.5_p2,8,4,18,24,1.25,0.5,3.0,2.5,1.5,1.0,True,2,7.11,5.44,0.259,33.61,1.69,1.222,122,5,5.8,5.44,1.24,2.72,0.19,0.4341139937384275,0.663879781420218,0.32810613967644287,4.30968689834188,1.2793971799963666,-0.040888256315874116,13.22175
ml8_ms4_sl18_ss24_sz1.0_bz0.5_tp4.0/2.5_r1.0_p2,8,4,18,24,1.0,0.5,4.0,2.5,1.0,1.0,True,2,6.4,4.77,0.243,32.52,1.71,1.206,123,4,5.2,4.77,1.14,2.42,0.196,-0.7671135440936006,0.7530783580171896,0.7587650873420504,4.432269064407945,1.150790949432623,-0.009346770672280513,13.197000000000001
ml8_ms4_sl18_ss24_sz1.25_bz0.5_tp4.0/2.5_r1.0_p2,8,4,18,24,1.25,0.5,4.0,2.5,1.0,1.0,True,2,5.74,4.78,0.228,32.79,1.69,1.189,122,4,4.55,4.78,1.14,2.42,0.196,-0.7671135440936006,0.7418482926524028,0.14374098279263947,4.432269064407923,1.150790949432623,-0.009346770672358229,13.1655
ml8_ms4_sl18_ss24_sz1.25_bz0.5_tp3.0/2.5_r1.0_p2,8,4,18,24,1.25,0.5,3.0,2.5,1.0,1.0,True,2,4.32,4.94,0.186,33.61,1.69,1.145,122,4,4.01,4.94,0.3,2.42,0.061,0.6537101126473877,0.24805451017273494,-0.8823599366750923,3.993290758461865,0.8851028645039394,-0.576868471071379,12.8855
ml8_ms4_sl12_ss24_sz1.25_bz0.75_tp4.0/2.5_r1.5_p2,8,4,12,24,1.25,0.75,4.0,2.5,1.5,1.0,True,2,23.93,7.44,0.413,34.53,1.93,1.574,139,3,23.81,7.44,0.1,4.89,0.026,-1.7502292485619297,1.2256582468571642,-1.2772226453050983,26.101556114982372,-1.3754840019122194,1.4944166186806829,11.55025
ml8_ms4_sl12_ss18_sz1.25_bz0.75_tp4.0/2.5_r1.5_p2,8,4,12,18,1.25,0.75,4.0,2.5,1.5,1.0,True,2,21.23,8.01,0.372,35.58,2.26,1.447,163,3,21.02,8.01,0.18,5.36,0.035,-1.7502292485619297,0.39763072330742943,-1.9628357757823234,25.13977343804097,-2.576508523872123,2.826268342207139,11.45525
ml8_ms4_sl18_ss24_sz1.0_bz0.5_tp3.0/2.5_r1.0_p2,8,4,18,24,1.0,0.5,3.0,2.5,1.0,1.0,True,2,4.4,5.2,0.185,33.33,1.71,1.144,123,3,4.09,5.2,0.3,2.42,0.061,0.6537101126473877,-0.02613046957833376,-0.5333914607449253,3.9932907584619093,0.8851028645039172,-0.5768684710712679,10.8865
ml8_ms4_sl12_ss24_sz1.25_bz0.75_tp3.0/2.5_r1.5_p2,8,4,12,24,1.25,0.75,3.0,2.5,1.5,1.0,True,2,20.48,7.44,0.447,35.97,1.93,1.509,139,5,22.5,7.44,-1.65,5.26,-0.199,0.36647245876006984,0.4885464765919112,0.9724349046015268,20.287512624752637,-1.7620481111694564,0.11711357286992019,9.1605
ml8_ms4_sl12_ss18_sz1.25_bz0.75_tp3.0/2.5_r1.5_p2,8,4,12,18,1.25,0.75,3.0,2.5,1.5,1.0,True,2,17.77,8.01,0.392,36.81,2.26,1.385,163,4,19.73,8.01,-1.64,5.79,-0.197,0.36647245876006984,-0.3334514607413963,0.27119827976336275,19.370073939147826,-2.9583651527444688,1.3569733663376438,9.040750000000001
ml12_ms4_sl18_ss24_sz1.25_bz0.75_tp4.0/2.5_r1.5_p2,12,4,18,24,1.25,0.75,4.0,2.5,1.5,1.0,True,2,-2.97,8.88,-0.122,29.21,1.24,0.883,89,3,-5.61,8.88,2.8,2.04,0.421,-4.426076173869697,-1.126269721265516,1.027948332346229,-1.133711915842961,2.162284047262353,0.6255429007230973,8.93525
ml12_ms4_sl18_ss24_sz1.25_bz0.75_tp4.0/2.5_r1.0_p2,12,4,18,24,1.25,0.75,4.0,2.5,1.0,1.0,True,2,-3.5,8.45,-0.185,29.21,1.24,0.844,89,2,-5.17,8.45,1.76,1.74,0.344,-3.2375877347781135,-1.126269721265516,-0.39311210180414946,-0.4877466189436519,1.6326346039206907,0.12113005714831093,8.7435
ml12_ms4_sl18_ss24_sz1.0_bz0.5_tp4.0/2.5_r1.5_p2,12,4,18,24,1.0,0.5,4.0,2.5,1.5,1.0,True,2,-4.19,9.84,-0.154,28.7,1.6,0.874,115,2,-6.02,9.84,1.95,2.45,0.276,-2.727316534998969,-1.3317897317047356,-0.7584078596537869,-1.3331583923984813,1.6779293073894586,0.2670393936816229,8.65525
ml12_ms4_sl18_ss24_sz1.25_bz0.5_tp4.0/2.5_r1.5_p2,12,4,18,24,1.25,0.5,4.0,2.5,1.5,1.0,True,2,-4.46,10.09,-0.171,28.95,1.58,0.861,114,2,-6.28,10.09,1.95,2.45,0.276,-2.727316534998969,-2.1042823486896456,-0.25431245155767,-1.3331583923985035,1.6779293073894586,0.2670393936816673,8.6315
ml12_ms4_sl18_ss24_sz1.25_bz0.75_tp3.0/2.5_r1.5_p2,12,4,18,24,1.25,0.75,3.0,2.5,1.5,1.0,True,2,-3.6,9.43,-0.166,30.34,1.24,0.854,89,1,-5.06,9.43,1.53,2.04,0.255,-2.3670231481885295,-1.1262697212655048,-0.5202170970008413,-1.1337119158429387,1.7618534653451645,-0.22650999772722002,8.6265
ml4_ms4_sl48_ss24_sz1.0_bz0.5_tp3.0/2.5_r1.0_p2,4,4,48,24,1.0,0.5,3.0,2.5,1.0,1.0,True,2,-1.87,7.46,-0.103,30.34,1.24,0.91,89,3,-2.52,6.64,0.66,2.98,0.114,-0.25588561267085863,-2.2239358253353103,-0.24423106945473672,0.19799301101190991,0.3518444883927385,0.30890472394231594,8.52125
ml12_ms4_sl18_ss24_sz1.25_bz0.75_tp3.0/2.5_r1.0_p2,12,4,18,24,1.25,0.75,3.0,2.5,1.0,1.0,True,2,-3.93,8.83,-0.222,30.34,1.24,0.821,89,1,-4.8,8.83,0.91,1.74,0.191,-1.8521365064613327,-1.1262697212655048,-1.4188324771405414,-0.4877466189436408,1.3656808826425504,-0.4477025723958472,8.46625
ml8_ms4_sl12_ss24_sz1.25_bz0.5_tp3.0/2.5_r1.5_p2,8,4,12,24,1.25,0.5,3.0,2.5,1.5,1.0,True,2,15.9,7.11,0.348,32.39,2.44,1.306,176,4,21.9,5.31,-4.51,6.71,-0.531,0.2496909139581449,2.837798572967687,0.02510214133639721,18.20925618545719,-3.5863015767812034,-1.3822908051068783,8.449
ml12_ms4_sl18_ss24_sz1.0_bz0.5_tp4.0/2.5_r1.0_p2,12,4,18,24,1.0,0.5,4.0,2.5,1.0,1.0,True,2,-4.96,9.64,-0.228,28.7,1.6,0.834,115,1,-5.82,9.64,0.91,2.15,0.163,-1.5177035452897725,-1.8845339949466244,-1.8573604719798964,-0.6884962242495019,1.150790949432623,-0.23821099247145483,8.3925
ml12_ms4_sl18_ss24_sz1.25_bz0.5_tp4.0/2.5_r1.0_p2,12,4,18,24,1.25,0.5,4.0,2.5,1.0,1.0,True,2,-4.98,9.66,-0.233,28.95,1.58,0.83,114,1,-5.84,9.66,0.91,2.15,0.163,-1.5177035452897725,-2.1042823486896567,-1.657336588858016,-0.688496224249513,1.150790949432623,-0.23821099247148814,8.387
ml12_ms4_sl18_ss24_sz1.25_bz0.5_tp3.0/2.5_r1.5_p2,12,4,18,24,1.25,0.5,3.0,2.5,1.5,1.0,True,2,-5.08,10.63,-0.214,29.82,1.58,0.839,114,1,-5.73,10.63,0.69,2.45,0.112,-0.6316652821623969,-2.1042823486896567,-1.782828349761978,-1.3331583923984924,1.2793971799963888,-0.5839582667827581,8.326999999999998
ml12_ms4_sl18_ss24_sz1.0_bz0.5_tp3.0/2.5_r1.5_p2,12,4,18,24,1.0,0.5,3.0,2.5,1.5,1.0,True,2,-5.22,10.76,-0.214,29.57,1.6,0.839,115,1,-5.87,10.76,0.69,2.45,0.112,-0.6316652821623969,-1.7506772922859182,-2.2814853077044117,-1.3331583923984591,1.2793971799963888,-0.5839582667827581,8.3235
ml12_ms4_sl18_ss24_sz1.25_bz0.5_tp3.0/2.5_r1.0_p2,12,4,18,24,1.25,0.5,3.0,2.5,1.0,1.0,True,2,-5.41,10.25,-0.266,29.82,1.58,0.813,114,1,-5.48,10.25,0.07,2.15,0.022,-0.10762689055884289,-2.1042823486896345,-2.670038378404549,-0.688496224249513,0.8851028645038728,-0.806334235652284,8.13175
ml12_ms4_sl18_ss24_sz1.0_bz0.5_tp3.0/2.5_r1.0_p2,12,4,18,24,1.0,0.5,3.0,2.5,1.0,1.0,True,2,-5.66,10.49,-0.275,29.57,1.6,0.808,115,1,-5.73,10.49,0.07,2.15,0.022,-0.10762689055884289,-2.1637923686673943,-2.86861124687251,-0.6884962242495463,0.8851028645039172,-0.8063342356522951,8.116499999999998
ml8_ms4_sl12_ss18_sz1.25_bz0.75_tp4.0/2.5_r1.0_p2,8,4,12,18,1.25,0.75,4.0,2.5,1.0,1.0,True,2,13.13,7.14,0.316,35.58,2.26,1.313,163,3,14.14,7.14,-0.88,4.64,-0.12,-0.8348607752751591,0.052410207657493935,-2.731186924265161,18.269165352702487,-2.145662480102839,1.2888008637891746,6.96425
ml8_ms4_sl12_ss24_sz1.25_bz0.75_tp4.0/2.5_r1.0_p2,8,4,12,24,1.25,0.75,4.0,2.5,1.0,1.0,True,2,14.94,6.56,0.357,34.53,1.93,1.408,139,2,16.41,6.56,-1.27,4.47,-0.179,-0.8348607752751591,0.5663791846266086,-2.0509471809149526,19.178142821075905,-1.2444582556276673,-0.021864949608829676,6.962000000000001
ml8_ms4_sl12_ss18_sz1.25_bz0.75_tp3.0/2.5_r1.0_p2,8,4,12,18,1.25,0.75,3.0,2.5,1.0,1.0,False,2,12.79,5.42,0.443,40.37,2.24,1.324,161,3,14.91,5.42,-1.84,5.0,-0.226,0.7205959965211006,-2.1141550945853016,4.0493071324158025,12.013056800569277,-1.343011743487399,-0.5066109891579296,6.923749999999999
ml8_ms4_sl12_ss24_sz1.25_bz0.5_tp4.0/2.5_r1.5_p2,8,4,12,24,1.25,0.5,4.0,2.5,1.5,1.0,True,2,19.23,6.74,0.337,31.25,2.44,1.36,176,2,23.2,5.31,-2.82,6.35,-0.295,-1.864547902228908,3.592142768541806,-2.2034489124738377,23.92284807386842,-3.206915863474147,-0.02362340953734332,6.875249999999999
ml8_ms4_sl12_ss24_sz1.25_bz0.75_tp3.0/2.5_r1.0_p2,8,4,12,24,1.25,0.75,3.0,2.5,1.0,1.0,True,2,12.68,6.56,0.375,35.97,1.93,1.355,139,3,15.47,6.56,-2.42,4.79,-0.378,0.5849928717021724,0.0734454772401083,-0.5561798435379295,15.360340859966737,-1.5038548507099403,-0.9332995798770893,6.625
ml8_ms4_sl12_ss18_sz1.25_bz0.75_tp3.0/2.5_r1.0_p2,8,4,12,18,1.25,0.75,3.0,2.5,1.0,1.0,True,2,10.82,7.14,0.321,36.81,2.26,1.264,163,3,13.22,7.14,-2.12,5.04,-0.324,0.5849928717021724,-0.43800424194767595,-1.2468004953367529,14.480481952087821,-2.402691923902467,0.29250007872798633,6.6055
ml8_ms4_sl12_ss18_sz1.25_bz0.5_tp4.0/2.5_r1.5_p2,8,4,12,18,1.25,0.5,4.0,2.5,1.5,1.0,True,2,15.32,8.14,0.278,31.86,2.83,1.253,204,3,20.12,6.15,-3.58,7.74,-0.378,-1.864547902228908,3.3476630710222333,-2.882629556876637,21.94823094916687,-5.21001501681968,1.288307964719393,6.594
ml8_ms4_sl12_ss24_sz1.0_bz0.5_tp4.0/2.5_r1.5_p2,8,4,12,24,1.0,0.5,4.0,2.5,1.5,1.0,True,2,13.87,8.08,0.251,30.6,2.54,1.232,183,2,20.03,5.95,-4.72,7.69,-0.492,-2.7590537861077014,3.854004769121744,-2.916003383915544,22.424832479679836,-3.723626494662624,-1.460430357614373,6.35975
ml8_ms4_sl12_ss24_sz1.25_bz0.5_tp4.0/2.5_r1.0_p2,8,4,12,24,1.25,0.5,4.0,2.5,1.0,1.0,True,2,10.57,6.47,0.255,31.25,2.44,1.22,176,2,15.85,4.71,-4.14,6.07,-0.557,-0.9489725539127192,2.9174508779507002,-2.969914292621978,17.119053416560327,-3.0783232315527154,-1.5198269252338137,6.18375
ml8_ms4_sl12_ss18_sz1.25_bz0.5_tp3.0/2.5_r1.5_p2,8,4,12,18,1.25,0.5,3.0,2.5,1.5,1.0,True,2,12.03,8.56,0.271,32.84,2.83,1.203,204,3,18.84,6.15,-5.33,8.17,-0.624,0.2496909139581449,2.5950991440652604,-0.6695554163520079,16.32568083845658,-5.581549474968406,-0.160999777118509,6.13575
ml8_ms4_sl12_ss18_sz1.5_bz1.0_tp3.0/2.5_r1.0_p2,8,4,12,18,1.5,1.0,3.0,2.5,1.0,1.0,True,2,1.63,5.77,0.081,35.14,1.54,1.059,111,3,4.1,5.41,-2.37,5.77,-0.432,-1.3524587372311214,1.2411089924307062,-0.4394498820362247,4.689055078633064,-3.380645089720402,1.0429154179971256,5.97375
ml8_ms4_sl12_ss18_sz1.25_bz0.5_tp4.0/2.5_r1.0_p2,8,4,12,18,1.25,0.5,4.0,2.5,1.0,1.0,True,2,7.62,7.58,0.192,31.86,2.83,1.139,204,2,13.29,5.55,-4.6,7.19,-0.611,-0.9489725539127192,2.9922987732837525,-3.6437719635148524,15.252849628479792,-4.790815402844084,-0.22879868109266788,5.966
ml8_ms4_sl12_ss18_sz1.0_bz0.5_tp4.0/2.5_r1.5_p2,8,4,12,18,1.0,0.5,4.0,2.5,1.5,1.0,True,2,8.08,10.3,0.162,30.99,2.96,1.118,213,2,15.92,7.45,-6.36,9.92,-0.65,-2.7590537861077014,2.6305499912971486,-3.590235457027202,20.474085103707694,-5.716032501518564,-1.107935740849053,5.888999999999999
ml8_ms4_sl12_ss24_sz1.0_bz0.5_tp3.0/2.5_r1.5_p2,8,4,12,24,1.0,0.5,3.0,2.5,1.5,1.0,True,2,9.74,8.91,0.222,31.69,2.54,1.167,183,2,17.73,6.78,-6.39,8.53,-0.732,-0.6640862834019989,2.6600609157551025,-1.0835234055546095,16.708826016437904,-4.100986932784611,-2.7995717129266295,5.8675
ml8_ms4_sl12_ss24_sz1.0_bz0.5_tp4.0/2.5_r1.0_p2,8,4,12,24,1.0,0.5,4.0,2.5,1.0,1.0,True,2,7.47,7.44,0.186,30.6,2.54,1.144,183,2,13.77,5.16,-5.14,7.05,-0.682,-1.5501899264393493,2.9289234657592367,-3.569204839114437,16.429988344796765,-3.2852820705054353,-2.331143723500151,5.84975
ml8_ms4_sl12_ss24_sz1.25_bz0.5_tp3.0/2.5_r1.0_p2,8,4,12,24,1.25,0.5,3.0,2.5,1.0,1.0,True,2,8.39,7.04,0.246,32.39,2.44,1.178,176,3,14.91,4.71,-5.27,6.65,-0.75,0.4692472323517993,2.4129932149886457,-1.4891710012481463,13.367213177798654,-3.332902898671275,-2.418916157979445,5.83075
ml8_ms4_sl12_ss18_sz1.25_bz0.5_tp3.0/2.5_r1.0_p2,8,4,12,18,1.25,0.5,3.0,2.5,1.0,1.0,True,2,5.42,8.21,0.166,32.84,2.83,1.101,204,3,12.38,5.3,-5.79,7.82,-0.811,0.4692472323517993,2.4874742377064774,-2.1733121859423443,11.560792134383458,-5.040896946308127,-1.2114987437261915,5.585
ml8_ms4_sl12_ss18_sz1.0_bz0.5_tp4.0/2.5_r1.0_p2,8,4,12,18,1.0,0.5,4.0,2.5,1.0,1.0,True,2,3.27,9.12,0.096,30.99,2.96,1.055,213,2,10.55,7.56,-6.19,8.73,-0.798,-1.5501899264393493,2.347372391967939,-4.238900537677837,14.574764288959962,-4.994117522234132,-1.6774507774954595,5.4807500000000005
ml8_ms4_sl12_ss24_sz1.0_bz0.5_tp3.0/2.5_r1.0_p2,8,4,12,24,1.0,0.5,3.0,2.5,1.0,1.0,True,2,4.71,8.0,0.146,31.69,2.54,1.093,183,2,12.17,5.5,-6.25,7.61,-0.876,-0.14057841406710514,2.1328869864128963,-2.352610204154193,12.631237211671408,-3.5393181284533615,-3.222825920140049,5.44975
ml8_ms4_sl12_ss18_sz1.0_bz0.5_tp3.0/2.5_r1.5_p2,8,4,12,18,1.0,0.5,3.0,2.5,1.5,1.0,True,2,4.08,11.18,0.11,31.92,2.96,1.061,213,2,13.69,8.52,-8.06,10.8,-0.898,-0.6640862834019989,1.4506714242437324,-1.7704817447637966,14.849158892595614,-6.085583596846544,-2.5229562621418955,5.365
ml8_ms4_sl36_ss24_sz0.75_bz0.5_tp3.0/2.5_r1.0_p3,8,4,36,24,0.75,0.5,3.0,2.5,1.0,1.0,True,3,-0.43,6.34,-0.005,33.54,2.28,0.988,164,3,1.21,6.34,-1.62,4.33,-0.207,0.4825611248163719,-4.047496365703973,0.752459603843314,4.187040223408811,-1.042038606611695,-0.580147055504121,5.17375
ml12_ms4_sl12_ss24_sz1.25_bz0.75_tp3.0/2.5_r1.5_p2,12,4,12,24,1.25,0.75,3.0,2.5,1.5,1.0,True,2,-1.59,11.34,-0.028,30.15,1.89,0.961,136,2,0.72,11.34,-2.29,4.67,-0.282,-4.67209813510383,-1.95520805023498,0.01557719726748008,7.750582446351606,-1.482221842514675,-0.8242261239185922,5.009250000000001
ml8_ms4_sl12_ss18_sz1.0_bz0.5_tp3.0/2.5_r1.0_p2,8,4,12,18,1.0,0.5,3.0,2.5,1.0,1.0,True,2,0.55,9.74,0.036,31.92,2.96,1.009,213,2,9.0,7.87,-7.36,9.35,-0.996,-0.14057841406710514,1.5558335392725553,-3.030754948404346,10.836543390222776,-5.243665061462921,-2.6458822888130618,4.05575
ml12_ms4_sl12_ss24_sz1.25_bz0.75_tp4.0/2.5_r1.5_p2,12,4,12,24,1.25,0.75,4.0,2.5,1.5,1.0,True,2,-9.02,15.25,-0.285,27.94,1.89,0.78,136,2,-8.51,15.25,-0.56,4.29,-0.05,-6.682537753929296,-1.95520805023498,-2.203832988385024,2.2519707812914014,-1.0945566232464454,0.5429920023378942,3.9145
ml12_ms4_sl12_ss24_sz1.25_bz0.75_tp4.0/2.5_r1.0_p2,12,4,12,24,1.25,0.75,4.0,2.5,1.0,1.0,True,2,-5.5,13.99,-0.166,27.94,1.89,0.85,136,1,-4.25,13.99,-1.3,3.57,-0.19,-5.227106730806364,-1.95520805023498,-2.6814312173416677,5.8851034300174465,-0.9645022979284601,-0.3406694309123104,3.9114999999999993
ml12_ms4_sl12_ss18_sz1.25_bz0.75_tp3.0/2.5_r1.5_p2,12,4,12,18,1.25,0.75,3.0,2.5,1.5,1.0,True,2,-3.8,13.34,-0.094,31.87,2.22,0.917,160,2,-1.55,13.34,-2.29,5.16,-0.279,-4.67209813510383,-2.7572160359685016,-0.6790142112819697,6.934310852290149,-2.6819465379285368,0.4039760298071293,3.8925
ml12_ms4_sl12_ss18_sz1.25_bz0.75_tp4.0/2.5_r1.5_p2,12,4,12,18,1.25,0.75,4.0,2.5,1.5,1.0,True,2,-11.72,16.6,-0.397,30.0,2.22,0.734,160,2,-9.57,16.6,-0.48,4.72,-0.041,-6.682537753929296,-2.7572160359684794,-2.8830109654450653,2.606325846880231,-3.28145987367634,0.9374328533028109,3.7485
ml12_ms4_sl12_ss24_sz1.0_bz0.5_tp3.0/2.5_r1.5_p2,12,4,12,24,1.0,0.5,3.0,2.5,1.5,1.0,True,2,-5.28,14.15,-0.129,28.25,2.46,0.899,177,1,-1.86,14.15,-3.09,4.8,-0.368,-3.2035514788428365,-2.3419477995800464,-2.563785869903068,6.5506379590714925,-2.328782120815065,-1.1795330165955464,3.687
ml12_ms4_sl12_ss24_sz1.25_bz0.5_tp3.0/2.5_r1.5_p2,12,4,12,24,1.25,0.5,3.0,2.5,1.5,1.0,True,2,-5.67,14.5,-0.144,27.84,2.44,0.887,176,1,-2.26,14.5,-3.09,4.8,-0.368,-3.2035514788428365,-3.732956130309706,-2.066569489931114,7.100131281663713,-2.3287821208150428,-1.1795330165955686,3.66225
ml12_ms4_sl12_ss24_sz1.25_bz0.75_tp3.0/2.5_r1.0_p2,12,4,12,24,1.25,0.75,3.0,2.5,1.0,1.0,True,2,-4.54,11.26,-0.163,30.15,1.89,0.873,136,1,-2.14,11.26,-2.46,3.9,-0.395,-3.8701415795961758,-1.9552080502349578,-1.2014169792256668,5.096426075971117,-1.2246342403230637,-1.2510897282145272,3.631
ml12_ms4_sl12_ss18_sz1.25_bz0.75_tp3.0/2.5_r1.0_p2,12,4,12,18,1.25,0.75,3.0,2.5,1.0,1.0,True,2,-6.11,12.99,-0.222,31.87,2.22,0.849,160,1,-4.05,12.99,-2.15,4.11,-0.339,-3.8701415795961758,-2.456289841427406,-1.8875565673393546,4.298558758876436,-2.1260193709633057,-0.029222239084059076,3.6167499999999997
ml12_ms4_sl12_ss18_sz1.25_bz0.75_tp4.0/2.5_r1.0_p2,12,4,12,18,1.25,0.75,4.0,2.5,1.0,1.0,True,2,-11.02,15.51,-0.453,30.0,2.22,0.727,160,2,-10.19,15.51,-0.92,3.71,-0.129,-5.227106730806364,-2.456289841427417,-3.357292354806618,0.5247593310172105,-1.8682612903415885,0.9658170073193695,3.578
ml12_ms4_sl12_ss24_sz1.0_bz0.5_tp4.0/2.5_r1.5_p2,12,4,12,24,1.0,0.5,4.0,2.5,1.5,1.0,True,2,-14.06,17.28,-0.474,26.55,2.46,0.712,177,1,-9.76,17.28,-1.36,4.43,-0.138,-5.24496234870897,-1.9255811302744341,-4.723729146133504,1.9199430776587478,-2.989237685727919,-1.8319245440309273,3.4675
ml12_ms4_sl12_ss24_sz1.25_bz0.5_tp4.0/2.5_r1.5_p2,12,4,12,24,1.25,0.5,4.0,2.5,1.5,1.0,True,2,-14.01,17.23,-0.492,26.14,2.44,0.697,176,1,-9.7,17.23,-1.36,4.43,-0.138,-5.24496234870897,-3.732956130309717,-4.239775497243703,3.3714039858926848,-2.989237685727919,-1.831924544030894,3.45075
ml12_ms4_sl12_ss18_sz1.25_bz0.5_tp4.0/2.5_r1.5_p2,12,4,12,18,1.25,0.5,4.0,2.5,1.5,1.0,True,2,-13.88,18.07,-0.488,27.45,2.83,0.711,204,2,-10.62,18.07,-2.14,6.26,-0.224,-5.24496234870897,-3.9708604178182783,-4.904814195057594,3.29326237631804,-3.922855845113904,0.29235187017262465,3.3289999999999997
ml12_ms4_sl12_ss24_sz1.0_bz0.5_tp3.0/2.5_r1.0_p2,12,4,12,24,1.0,0.5,3.0,2.5,1.0,1.0,True,2,-7.65,13.63,-0.261,28.25,2.46,0.834,177,1,-4.15,13.63,-3.26,4.44,-0.487,-2.3934978888438985,-2.43284393562353,-3.4556008513670577,4.247613898700453,-2.0734627894156477,-1.6068272335321487,3.3172499999999996
ml12_ms4_sl12_ss24_sz1.0_bz0.5_tp4.0/2.5_r1.0_p2,12,4,12,24,1.0,0.5,4.0,2.5,1.0,1.0,True,2,-12.09,15.88,-0.459,26.55,2.46,0.736,177,1,-9.83,15.88,-2.11,3.85,-0.292,-3.7713072820204308,-2.154353528127695,-4.901251128429173,0.6979122342569921,-1.815566297302973,-0.6983530530474735,3.3007500000000003
ml12_ms4_sl12_ss24_sz1.25_bz0.5_tp3.0/2.5_r1.0_p2,12,4,12,24,1.25,0.5,3.0,2.5,1.0,1.0,True,2,-8.51,14.43,-0.298,27.84,2.44,0.812,176,1,-5.04,14.43,-3.26,4.44,-0.487,-2.3934978888438985,-3.7329561303096725,-3.2582280090802884,4.461997090126135,-2.0734627894156588,-1.6068272335321154,3.25875
ml12_ms4_sl12_ss18_sz1.0_bz0.5_tp4.0/2.5_r1.5_p2,12,4,12,18,1.0,0.5,4.0,2.5,1.5,1.0,True,2,-14.2,18.0,-0.478,27.54,2.88,0.722,207,1,-10.54,18.0,-3.06,6.74,-0.319,-5.24496234870897,-3.0917593924793096,-5.385406867026898,2.970346541211555,-3.922855845113904,-0.17913425044125963,3.1885
ml12_ms4_sl12_ss24_sz1.25_bz0.5_tp4.0/2.5_r1.0_p2,12,4,12,24,1.25,0.5,4.0,2.5,1.0,1.0,True,2,-14.26,16.77,-0.628,26.14,2.44,0.653,176,1,-10.79,16.77,-2.11,3.85,-0.292,-3.7713072820204308,-3.7329561303096948,-4.707430979299277,1.0547122556654687,-3.0614841539532867,-0.8537206484520499,3.0775
ml12_ms4_sl12_ss18_sz1.25_bz0.5_tp4.0/2.5_r1.0_p2,12,4,12,18,1.25,0.5,4.0,2.5,1.0,1.0,True,2,-14.04,17.28,-0.603,27.45,2.83,0.682,204,2,-11.33,17.28,-2.57,5.36,-0.354,-3.7713072820204308,-3.673689950648096,-5.369221888227715,1.0843937084427102,-3.5564569981108796,0.5254404058229634,3.0150000000000006
ml12_ms4_sl12_ss18_sz1.25_bz0.5_tp3.0/2.5_r1.5_p2,12,4,12,18,1.25,0.5,3.0,2.5,1.5,1.0,True,2,-13.03,16.93,-0.474,28.92,2.83,0.738,204,2,-9.5,16.93,-3.92,6.29,-0.466,-3.2035514788428365,-3.9708604178183005,-2.746700738965424,0.11529886477774642,-4.113058248570178,0.21331179025021463,3.0012499999999998
ml12_ms4_sl12_ss18_sz1.0_bz0.5_tp4.0/2.5_r1.0_p2,12,4,12,18,1.0,0.5,4.0,2.5,1.0,1.0,True,2,-14.31,17.27,-0.594,27.54,2.88,0.692,207,2,-11.33,17.27,-3.19,5.59,-0.432,-3.7713072820204308,-2.718035689249787,-5.56169598893026,0.2978196341282269,-3.5564569981108796,0.2077533280156585,2.9002499999999998
ml12_ms4_sl12_ss18_sz1.0_bz0.5_tp3.0/2.5_r1.5_p2,12,4,12,18,1.0,0.5,3.0,2.5,1.5,1.0,True,2,-13.71,17.25,-0.483,28.99,2.88,0.738,207,1,-9.15,16.61,-4.82,7.17,-0.56,-3.2035514788428365,-3.503175150380655,-3.2404640345739977,0.5220280399247379,-4.775228838974055,-0.25780275366852345,2.83425
ml12_ms4_sl12_ss18_sz1.25_bz0.5_tp3.0/2.5_r1.0_p2,12,4,12,18,1.25,0.5,3.0,2.5,1.0,1.0,True,2,-13.27,16.23,-0.57,28.92,2.83,0.71,204,0,-9.95,15.71,-3.79,5.64,-0.557,-2.3934978888438985,-3.6736899506480847,-3.9300833895697274,-0.30023632718078064,-3.6840763445645353,-0.009711476355300785,2.76275
ml12_ms4_sl12_ss18_sz1.0_bz0.5_tp3.0/2.5_r1.0_p2,12,4,12,18,1.0,0.5,3.0,2.5,1.0,1.0,True,2,-13.56,16.48,-0.564,28.99,2.88,0.715,207,0,-9.96,15.91,-4.4,6.24,-0.632,-2.3934978888438985,-2.9949217323165023,-4.126085510571043,-0.8105001348315377,-3.6840763445645575,-0.3257073321501269,2.649
