pair,strategy,side,entry_time,entry_price,stop_loss,take_profit,size_units,risk_pct,exit_time,exit_price,pnl,pnl_pct,exit_reason,bars_held,regime,initial_stop,initial_tp,initial_units,realized_partial,moved_be,partial_taken
EURUSD,background,long,2020-03-31 00:00:00+00:00,1.1029423275375365,1.0893170805471712,1.1267865097706757,2807.288559763171,0.85,2020-04-02 00:00:00+00:00,1.0892145805471714,-38.53774707737543,-0.3853774707737543,stop_loss,2,high,1.0893170805471712,1.1267865097706757,2807.288559763171,0.0,False,False
USDJPY,background,short,2020-04-02 00:00:00+00:00,107.27475311279296,109.0414836585824,104.18297465766148,2089.335040977412,0.85,2020-04-06 00:00:00+00:00,109.0527336585824,-34.62881012262148,-0.3462881012262148,stop_loss,2,normal,109.0414836585824,104.18297465766148,2089.335040977412,0.0,False,False
AUDUSD,background,short,2020-04-03 00:00:00+00:00,0.6067825227546692,0.6196260654741863,0.5843063229955141,2966.6731329143345,0.85,2020-04-07 00:00:00+00:00,0.6197335654741863,-38.42151047921745,-0.3842151047921745,stop_loss,2,high,0.6196260654741863,0.5843063229955141,2966.6731329143345,0.0,False,False
AUDUSD,sniper,short,2020-04-06 00:00:00+00:00,0.599520710067749,0.6152369433602763,0.5649449968241889,4342.451441701341,1.25,2020-04-07 00:00:00+00:00,0.6153444433602764,-68.7137934492331,-0.687137934492331,stop_loss,1,high,0.6152369433602763,0.5649449968241889,4342.451441701341,0.0,False,False
EURUSD,background,short,2020-04-06 00:00:00+00:00,1.0807215175247193,1.093680980524498,1.0580424572751066,2929.915994154886,0.85,2020-04-09 00:00:00+00:00,1.093783480524498,-38.27045430811058,-0.3827045430811058,stop_loss,3,high,1.093680980524498,1.0580424572751066,2929.915994154886,0.0,False,False
GBPUSD,background,long,2020-04-01 00:00:00+00:00,1.2412691972732544,1.2412691972732544,1.278937554058372,1777.0220342196017,0.85,2020-05-04 00:00:00+00:00,1.2411566972732544,-0.19991497884963386,-0.0019991497884963385,breakeven_stop,23,high,1.2197444219674727,1.278937554058372,1777.0220342196017,0.0,True,False
USDJPY,sniper,short,2020-05-05 00:00:00+00:00,106.67174865722656,108.06546714581076,103.60556798234133,2521.6026459631285,1.25,2020-05-19 00:00:00+00:00,108.07671714581076,-33.21190758476176,-0.3321190758476176,stop_loss,10,low,108.06546714581076,103.60556798234133,2521.6026459631285,0.0,False,False
EURUSD,background,long,2020-06-24 00:00:00+00:00,1.1314650574111937,1.1213445748226132,1.1491759019412096,3684.2275401195957,0.85,2020-06-25 00:00:00+00:00,1.1212420748226133,-37.66379399501122,-0.3766379399501122,stop_loss,1,normal,1.1213445748226132,1.1491759019412096,3684.2275401195957,0.0,False,False
EURUSD,background,long,2020-07-01 00:00:00+00:00,1.1234707632446288,1.1234707632446288,1.1440876805381057,1576.343064047035,0.85,2020-07-15 00:00:00+00:00,1.1439851805381058,53.53288982904238,0.5353288982904238,take_profit_partial,10,low,1.1116896676483563,1.1440876805381057,3152.68612809407,21.19513041550332,True,True
EURUSD,sniper,long,2020-07-03 00:00:00+00:00,1.124076823272705,1.124076823272705,1.1544774585755433,2415.559306006671,1.25,2020-07-22 00:00:00+00:00,1.1543749585755434,111.32558337538681,1.1132558337538683,take_profit_partial,13,low,1.1102583526805057,1.1544774585755433,4831.118612013342,38.13864068996621,True,True
AUDUSD,sniper,long,2020-07-02 00:00:00+00:00,0.6915073723030091,0.6915073723030091,0.723495581098743,2295.6751965455437,1.25,2020-08-05 00:00:00+00:00,0.723388081098743,111.32720286586044,1.1132720286586044,take_profit_partial,24,low,0.6769672773958573,0.723495581098743,4591.350393091087,38.13945043520278,True,True
USDJPY,background,short,2020-08-20 00:00:00+00:00,106.07874633789062,106.07874633789062,104.67617683722482,2118.210357859684,0.85,2020-08-28 00:00:00+00:00,106.08999633789062,-0.22464317640053033,-0.0022464317640053036,breakeven_stop,6,normal,106.88021462398537,104.67617683722482,2118.210357859684,0.0,True,False
USDJPY,sniper,short,2020-08-24 00:00:00+00:00,105.89174987792968,106.83194223929215,103.82332668293228,2593.495605452307,1.25,2020-08-28 00:00:00+00:00,106.84319223929215,-23.30268019821459,-0.23302680198214587,stop_loss,4,normal,106.83194223929215,103.82332668293228,2593.495605452307,0.0,False,False
AUDUSD,sniper,long,2020-08-24 00:00:00+00:00,0.7161988348197937,0.7161988348197937,0.7360161040961842,3810.978729523716,1.25,2020-08-31 00:00:00+00:00,0.7359086040961842,114.18186328226724,1.1418186328226725,take_profit_partial,5,normal,0.7071909851487072,0.7360161040961842,7621.957459047432,39.06835180612318,True,True
USDJPY,background,short,2020-08-28 00:00:00+00:00,106.64774658203125,106.64774658203125,105.50198149687057,1059.2341163171113,0.85,2020-08-31 00:00:00+00:00,105.51323149687057,18.63453591764471,0.1863453591764471,take_profit_partial,1,high,107.30246948783734,105.50198149687057,2118.4682326342227,7.366439570627563,True,True
GBPUSD,sniper,long,2020-08-17 00:00:00+00:00,1.3105567358016967,1.3105567358016967,1.3475697670843205,2040.448703400927,1.25,2020-09-01 00:00:00+00:00,1.3474572670843206,114.54212275084959,1.1454212275084958,take_profit_partial,11,low,1.2937326306732313,1.3475697670843205,4080.897406801854,39.24848154041446,True,True
EURUSD,sniper,long,2020-08-24 00:00:00+00:00,1.1800156631851195,1.1800156631851195,1.2082858611387521,2671.477285494695,1.25,2020-09-03 00:00:00+00:00,1.1799131631851196,38.930379176021155,0.38930379176021157,breakeven_stop_partial,8,normal,1.1671655732061956,1.2082858611387521,5342.95457098939,39.20420559778408,True,True
EURUSD,background,short,2020-09-09 00:00:00+00:00,1.176811119041443,1.1863452632906983,1.1601263666052462,4111.912813680287,0.85,2020-09-10 00:00:00+00:00,1.1864477632906982,-39.62504096939114,-0.39625040969391134,stop_loss,1,normal,1.1863452632906983,1.1601263666052462,4111.912813680287,0.0,False,False
USDJPY,background,short,2020-09-01 00:00:00+00:00,105.97874786376953,105.97874786376953,104.807217802323,1088.0266113921639,0.85,2020-09-17 00:00:00+00:00,104.818467802323,19.700235518821597,0.197002355188216,take_profit_partial,12,high,106.64819361316755,104.807217802323,2176.0532227843278,7.788266289440523,True,True
EURUSD,sniper,long,2020-09-15 00:00:00+00:00,1.1867925920867919,1.175300899653376,1.2120743154403066,6108.022041800664,1.25,2020-09-17 00:00:00+00:00,1.1751983996533761,-70.81758294018188,-0.7081758294018188,stop_loss,2,normal,1.175300899653376,1.2120743154403066,6108.022041800664,0.0,False,False
EURUSD,background,long,2020-09-16 00:00:00+00:00,1.1843753853225707,1.173093814615127,1.204118134060597,3464.215689137349,0.85,2020-09-22 00:00:00+00:00,1.1729913146151272,-39.43687635097475,-0.3943687635097475,stop_loss,4,low,1.173093814615127,1.204118134060597,3464.215689137349,0.0,False,False
AUDUSD,background,short,2020-09-10 00:00:00+00:00,0.727694538192749,0.727694538192749,0.7135811953407013,2421.1488353227637,0.85,2020-09-23 00:00:00+00:00,0.7136886953407013,56.10485898061325,0.5610485898061325,take_profit_partial,9,normal,0.7357593055367763,0.7135811953407013,4842.297670645527,22.19462887166444,True,True
USDJPY,sniper,short,2020-09-16 00:00:00+00:00,105.36974670410156,105.36974670410156,103.53460684827,1333.3059480326824,1.25,2020-09-23 00:00:00+00:00,105.38099670410156,11.853603660885316,0.11853603660885316,breakeven_stop_partial,5,normal,106.203901184025,103.53460684827,2666.611896065365,11.995956588405347,True,True
EURUSD,background,short,2020-09-23 00:00:00+00:00,1.1706520518875123,1.1804239913473151,1.1535511578328574,3987.496596580659,0.85,2020-10-06 00:00:00+00:00,1.180526491347315,-39.37429373910506,-0.3937429373910506,stop_loss,9,normal,1.1804239913473151,1.1535511578328574,3987.496596580659,0.0,False,False
GBPUSD,background,long,2020-10-06 00:00:00+00:00,1.2993199489593505,1.2856582777443168,1.3232278735856593,2841.1581609203686,0.85,2020-10-07 00:00:00+00:00,1.2855457777443169,-39.13459895750731,-0.39134598957507305,stop_loss,1,normal,1.2856582777443168,1.3232278735856593,2841.1581609203686,0.0,False,False
USDJPY,background,short,2020-10-15 00:00:00+00:00,105.12774993896484,105.12774993896484,104.00109446466712,1081.7449091235842,0.85,2020-10-21 00:00:00+00:00,105.13899993896484,7.386785219200477,0.07386785219200477,breakeven_stop_partial,4,low,105.77155306713496,104.00109446466712,2163.4898182471684,7.502545617712859,True,True
USDJPY,sniper,short,2020-10-23 00:00:00+00:00,104.89574768066406,104.89574768066406,103.05501340574268,2652.050321274796,1.25,2020-11-02 00:00:00+00:00,104.90699768066406,-0.2844306539973473,-0.002844306539973473,breakeven_stop,6,low,105.7324450783556,103.05501340574268,2652.050321274796,0.0,True,False
USDJPY,sniper,short,2020-11-05 00:00:00+00:00,104.42474700927734,104.42474700927734,102.78008844582317,1331.968654274862,1.25,2020-11-09 00:00:00+00:00,104.43599700927734,10.678835165589,0.10678835165589,breakeven_stop_partial,2,normal,105.17231908357469,102.78008844582317,2663.937308549724,10.82233225597952,True,True
USDJPY,background,short,2020-11-19 00:00:00+00:00,103.89274932861328,104.51863784059708,102.79744443264161,2193.0586576014025,0.85,2020-11-23 00:00:00+00:00,104.52988784059708,-13.449274745610515,-0.13449274745610515,stop_loss,2,high,104.51863784059708,102.79744443264161,2193.0586576014025,0.0,False,False
GBPUSD,background,long,2020-12-17 00:00:00+00:00,1.3504054210662841,1.3387860042746864,1.3707394004515803,3329.069702205837,0.85,2020-12-21 00:00:00+00:00,1.3386735042746865,-39.056368739707764,-0.39056368739707764,stop_loss,2,high,1.3387860042746864,1.3707394004515803,3329.069702205837,0.0,False,False
EURUSD,sniper,long,2020-12-25 00:00:00+00:00,1.2185745039367675,1.2185745039367675,1.2448708071173857,5794.233022005159,1.25,2021-01-01 00:00:00+00:00,1.2184720039367676,-0.5939088847549165,-0.005939088847549166,breakeven_stop,5,low,1.2066216388546682,1.2448708071173857,5794.233022005159,0.0,True,False
AUDUSD,sniper,long,2020-12-25 00:00:00+00:00,0.7607876390647889,0.7607876390647889,0.7804712116531225,3870.40786325814,1.25,2021-01-01 00:00:00+00:00,0.7803637116531225,115.17448563290442,1.1517448563290442,take_profit_partial,5,normal,0.7518405606155463,0.7804712116531225,7740.81572651628,39.407100355305914,True,True
AUDUSD,sniper,long,2021-01-14 00:00:00+00:00,0.7747476429176331,0.7651658324123041,0.7958276260293571,7310.249664451089,1.25,2021-01-27 00:00:00+00:00,0.765058332412304,-70.83127887034419,-0.7083127887034418,stop_loss,9,high,0.7651658324123041,0.7958276260293571,7310.249664451089,0.0,False,False
EURUSD,background,short,2021-01-13 00:00:00+00:00,1.2208241424179078,1.2208241424179078,1.2054514700161598,2218.1821443247827,0.85,2021-02-02 00:00:00+00:00,1.2055539700161597,56.052828976484946,0.5605282897648495,take_profit_partial,14,normal,1.229608526647478,1.2054514700161598,4436.364288649565,22.180805214166217,True,True
AUDUSD,background,long,2021-02-11 00:00:00+00:00,0.7725767225456238,0.7725767225456238,0.7864428163127746,4911.249899130009,0.85,2021-02-17 00:00:00+00:00,0.7724692225456238,-0.5279593641566632,-0.005279593641566632,breakeven_stop,4,normal,0.7646532403929662,0.7864428163127746,4911.249899130009,0.0,True,False
AUDUSD,sniper,long,2021-01-28 00:00:00+00:00,0.7652775973510743,0.7652775973510743,0.7913009061252223,2946.667973432693,1.25,2021-02-22 00:00:00+00:00,0.7911934061252223,116.13231605263562,1.161323160526356,take_profit_partial,17,normal,0.7534488206355524,0.7913009061252223,5893.335946865386,39.76703233224769,True,True
GBPUSD,background,short,2021-03-08 00:00:00+00:00,1.3846989013671875,1.395947477038847,1.3650138939417837,3498.788534310997,0.85,2021-03-11 00:00:00+00:00,1.3960599770388469,-39.7500012974413,-0.39750001297441295,stop_loss,3,normal,1.395947477038847,1.3650138939417837,3498.788534310997,0.0,False,False
EURUSD,background,long,2021-04-09 00:00:00+00:00,1.1916709938430785,1.1916709938430785,1.207572715462052,2157.2381705130674,0.85,2021-04-20 00:00:00+00:00,1.207470215462052,56.4040647319797,0.564040647319797,take_profit_partial,7,low,1.1825842957750936,1.207572715462052,4314.476341026135,22.321380791134782,True,True
USDJPY,background,long,2021-05-04 00:00:00+00:00,109.09724853515625,108.45152672545453,110.22726170213427,2125.469540425429,0.85,2021-05-07 00:00:00+00:00,108.44027672545452,-12.799347272165361,-0.1279934727216536,stop_loss,3,normal,108.45152672545453,110.22726170213427,2125.469540425429,0.0,False,False
USDJPY,background,short,2021-05-13 00:00:00+00:00,109.7117495727539,109.7117495727539,108.54678750715355,1055.4698758062123,0.85,2021-05-27 00:00:00+00:00,109.7229995727539,7.148397508862779,0.07148397508862779,breakeven_stop_partial,10,normal,110.37744218166839,108.54678750715355,2110.9397516124245,7.256626902241926,True,True
EURUSD,sniper,long,2021-06-02 00:00:00+00:00,1.2219093838119506,1.2127862345036677,1.241980312290173,7762.040185270938,1.25,2021-06-03 00:00:00+00:00,1.2126837345036678,-71.60986066610762,-0.7160986066610763,stop_loss,1,normal,1.2127862345036677,1.241980312290173,7762.040185270938,0.0,False,False
EURUSD,background,short,2021-06-08 00:00:00+00:00,1.2188596925354005,1.2188596925354005,1.2060942157829246,2681.763994903387,0.85,2021-06-11 00:00:00+00:00,1.2189621925354004,21.946864279588876,0.21946864279588874,breakeven_stop_partial,3,normal,1.2261542506796725,1.2060942157829246,5363.527989806774,22.22174508906619,True,True
USDJPY,background,short,2021-07-12 00:00:00+00:00,110.19675018310546,110.19675018310546,109.27737610958444,1046.4841954689794,0.85,2021-07-19 00:00:00+00:00,109.28862610958444,14.254581396899919,0.14254581396899918,take_profit_partial,5,high,110.72210679654606,109.27737610958444,2092.9683909379587,5.630574891394473,True,True
GBPUSD,sniper,short,2021-07-19 00:00:00+00:00,1.3761037923812867,1.3761037923812867,1.3483891963562227,2811.9335934325068,1.25,2021-07-22 00:00:00+00:00,1.3762162923812866,40.10428954601508,0.4010428954601508,breakeven_stop_partial,3,normal,1.388701336029043,1.3483891963562227,5623.8671868650135,40.420632075276124,True,True
AUDUSD,sniper,short,2021-06-30 00:00:00+00:00,0.7513026862907409,0.7513026862907409,0.7283325045286685,3374.8144048061395,1.25,2021-08-04 00:00:00+00:00,0.7397874921989441,79.0207209536202,0.790207209536202,time_exit_partial,25,low,0.7617436780007738,0.7283325045286685,6749.628809612279,40.15907805848581,True,True
EURUSD,background,long,2021-08-02 00:00:00+00:00,1.1866377392196654,1.179019955700028,1.1999688603790308,5194.430189420699,0.85,2021-08-06 00:00:00+00:00,1.1789174557000281,-40.10247378529094,-0.40102473785290943,stop_loss,4,low,1.179019955700028,1.1999688603790308,5194.430189420699,0.0,False,False
GBPUSD,background,long,2021-07-29 00:00:00+00:00,1.3909331224441528,1.3804345291838633,1.4093056606496592,3769.0806482186626,0.85,2021-08-13 00:00:00+00:00,1.3803220291838634,-39.99406626380032,-0.39994066263800315,stop_loss,11,normal,1.3804345291838633,1.4093056606496592,3769.0806482186626,0.0,False,False
AUDUSD,sniper,short,2021-08-18 00:00:00+00:00,0.7254423766899109,0.7254423766899109,0.7073156609465074,4298.7960132607495,1.25,2021-08-24 00:00:00+00:00,0.7255498766899109,39.80826402848556,0.3980826402848556,breakeven_stop_partial,4,normal,0.7336817929369124,0.7073156609465074,8597.592026521499,40.27038459991125,True,True
EURUSD,sniper,short,2021-08-19 00:00:00+00:00,1.1702820262527467,1.177877395298862,1.153572214351293,9363.073458413417,1.25,2021-08-26 00:00:00+00:00,1.1779798952988618,-72.07571335202283,-0.7207571335202283,stop_loss,5,normal,1.177877395298862,1.153572214351293,9363.073458413417,0.0,False,False
EURUSD,background,short,2021-08-10 00:00:00+00:00,1.1737979850387574,1.1814112710714921,1.1604747344814719,5196.875349566909,0.85,2021-08-31 00:00:00+00:00,1.181513771071492,-40.09797823605107,-0.4009797823605107,stop_loss,15,low,1.1814112710714921,1.1604747344814719,5196.875349566909,0.0,False,False
AUDUSD,background,long,2021-09-02 00:00:00+00:00,0.7369875640106202,0.7369875640106202,0.7474602547592213,3269.7979764479273,0.85,2021-09-03 00:00:00+00:00,0.7473527547592212,56.04350243589094,0.5604350243589095,take_profit_partial,1,high,0.7310031692971338,0.7474602547592213,6539.595952895855,22.15142270061831,True,True
EURUSD,background,long,2021-08-31 00:00:00+00:00,1.1800434389495849,1.1800434389495849,1.1924150154597803,2767.9239577526946,0.85,2021-09-13 00:00:00+00:00,1.179940938949585,21.935501571748016,0.21935501571748017,breakeven_stop_partial,9,low,1.1729739666580445,1.1924150154597803,5535.847915505389,22.219213777417377,True,True
EURUSD,background,long,2021-10-22 00:00:00+00:00,1.1626905002975463,1.1626905002975463,1.1740403499619747,6080.180798327273,0.85,2021-10-28 00:00:00+00:00,1.1625880002975464,-0.6232185318279031,-0.006232185318279031,breakeven_stop,4,low,1.156204871917873,1.1740403499619747,6080.180798327273,0.0,True,False
EURUSD,background,short,2021-10-28 00:00:00+00:00,1.1597885093307496,1.1654554203771812,1.1498714149994942,6958.183921577747,0.85,2021-10-29 00:00:00+00:00,1.165557920377181,-40.144623180252516,-0.4014462318025252,stop_loss,1,normal,1.1654554203771812,1.1498714149994942,6958.183921577747,0.0,False,False
USDJPY,background,short,2021-11-10 00:00:00+00:00,112.90175201416015,113.65636653126651,111.58117660922402,2046.436025071386,0.85,2021-11-11 00:00:00+00:00,113.66761653126652,-13.881916889419013,-0.13881916889419013,stop_loss,1,normal,113.65636653126651,111.58117660922402,2046.436025071386,0.0,False,False
AUDUSD,background,short,2021-11-08 00:00:00+00:00,0.7393898039627075,0.7393898039627075,0.726838325076391,2738.173281239112,0.85,2021-11-17 00:00:00+00:00,0.726945825076391,56.36418415424253,0.5636418415424252,take_profit_partial,7,normal,0.7465620776120312,0.726838325076391,5476.346562478224,22.290413655427237,True,True
USDJPY,background,long,2021-11-15 00:00:00+00:00,114.00224731445313,114.00224731445313,115.28707040255219,1014.1703748824809,0.85,2021-11-18 00:00:00+00:00,113.99099731445312,7.310888366302988,0.07310888366302988,breakeven_stop_partial,3,normal,113.26806269268224,115.28707040255219,2028.3407497649619,7.410968996169532,True,True
USDJPY,sniper,long,2021-11-24 00:00:00+00:00,115.16824768066407,114.19607815752761,117.30702063156427,2463.8659779346845,1.25,2021-11-26 00:00:00+00:00,114.1848281575276,-21.038905721750304,-0.210389057217503,stop_loss,2,normal,114.19607815752761,117.30702063156427,2463.8659779346845,0.0,False,False
AUDUSD,background,short,2021-12-21 00:00:00+00:00,0.7110541730690002,0.7180920582200331,0.6987378740546927,5596.545028125373,0.85,2021-12-22 00:00:00+00:00,0.7181995582200331,-39.989469741054116,-0.3998946974105412,stop_loss,1,normal,0.7180920582200331,0.6987378740546927,5596.545028125373,0.0,False,False
EURUSD,sniper,short,2021-12-08 00:00:00+00:00,1.1272041997528077,1.1364709225240623,1.1068174096560477,7639.7169819793635,1.25,2021-12-29 00:00:00+00:00,1.1365734225240622,-71.57821031350088,-0.7157821031350088,stop_loss,15,normal,1.1364709225240623,1.1068174096560477,7639.7169819793635,0.0,False,False
AUDUSD,background,long,2021-12-24 00:00:00+00:00,0.723337504310608,0.7161516388185781,0.7359127689216602,5460.0077711290505,0.85,2022-01-06 00:00:00+00:00,0.7160441388185781,-39.821832264167476,-0.3982183226416748,stop_loss,9,normal,0.7161516388185781,0.7359127689216602,5460.0077711290505,0.0,False,False
GBPUSD,background,long,2021-12-24 00:00:00+00:00,1.3410263917922973,1.3410263917922973,1.3582951627320174,1988.0118492515494,0.85,2022-01-07 00:00:00+00:00,1.3581826627320175,56.443275405636044,0.5644327540563604,take_profit_partial,10,normal,1.3311585226838858,1.3582951627320174,3976.023698503099,22.336405488502344,True,True
AUDUSD,background,short,2022-01-10 00:00:00+00:00,0.7177624374198913,0.724686228589627,0.705645802872854,5636.315544136775,0.85,2022-01-12 00:00:00+00:00,0.724793728589627,-39.63057571533278,-0.39630575715332783,stop_loss,2,normal,0.724686228589627,0.705645802872854,5636.315544136775,0.0,False,False
USDJPY,background,short,2022-01-17 00:00:00+00:00,114.29474975585937,115.00585214969884,113.0503205666403,2000.6623702551321,0.85,2022-01-18 00:00:00+00:00,115.01710214969884,-12.644353791450154,-0.12644353791450155,stop_loss,1,normal,115.00585214969884,113.0503205666403,2000.6623702551321,0.0,False,False
GBPUSD,background,short,2022-01-26 00:00:00+00:00,1.3509284593582154,1.3509284593582154,1.3321605474187572,1810.0910892452387,0.85,2022-02-01 00:00:00+00:00,1.3510409593582153,21.91694361358016,0.21916943613580162,breakeven_stop_partial,4,low,1.3616529804664772,1.3321605474187572,3620.1821784904773,22.120578861120176,True,True
USDJPY,background,long,2022-01-31 00:00:00+00:00,115.25024841308594,114.53139463012513,116.50824253326735,1985.9256111794607,0.85,2022-02-02 00:00:00+00:00,114.52014463012513,-12.580726040641258,-0.12580726040641257,stop_loss,2,normal,114.53139463012513,116.50824253326735,1985.9256111794607,0.0,False,False
GBPUSD,background,long,2022-02-07 00:00:00+00:00,1.353475537109375,1.353475537109375,1.3703775050458036,4023.5406251429367,0.85,2022-02-10 00:00:00+00:00,1.353363037109375,-0.45264832032841884,-0.0045264832032841885,breakeven_stop,3,normal,1.34381726971713,1.3703775050458036,4023.5406251429367,0.0,True,False
AUDUSD,background,long,2022-02-11 00:00:00+00:00,0.716267499370575,0.7098347167309942,0.7275248689898414,6040.729497413566,0.85,2022-02-14 00:00:00+00:00,0.7097272167309941,-39.50807826233784,-0.3950807826233784,stop_loss,1,high,0.7098347167309942,0.7275248689898414,6040.729497413566,0.0,False,False
USDJPY,background,short,2022-03-08 00:00:00+00:00,115.35775329589843,115.95247602403158,114.31698852166542,1973.7871884277063,0.85,2022-03-10 00:00:00+00:00,115.96372602403159,-10.368277581289629,-0.1036827758128963,stop_loss,2,high,115.95247602403158,114.31698852166542,1973.7871884277063,0.0,False,False
EURUSD,sniper,short,2022-03-25 00:00:00+00:00,1.1007946929550172,1.1142318312431132,1.071232988721206,5172.319202628896,1.25,2022-03-30 00:00:00+00:00,1.114334331243113,-70.03133111416787,-0.7003133111416787,stop_loss,3,normal,1.1142318312431132,1.071232988721206,5172.319202628896,0.0,False,False
EURUSD,background,long,2022-03-31 00:00:00+00:00,1.1162860193634032,1.1049574947990666,1.1361109373509921,3389.6782163177195,0.85,2022-04-01 00:00:00+00:00,1.1048549947990667,-38.747494955924296,-0.387474949559243,stop_loss,1,normal,1.1049574947990666,1.1361109373509921,3389.6782163177195,0.0,False,False
GBPUSD,background,short,2022-03-29 00:00:00+00:00,1.3098854162216187,1.3098854162216187,1.289962159746857,3396.4761208180303,0.85,2022-04-14 00:00:00+00:00,1.3099979162216187,-0.38210356359189207,-0.003821035635918921,breakeven_stop,12,normal,1.3212701342071969,1.289962159746857,3396.4761208180303,0.0,True,False
EURUSD,background,short,2022-04-06 00:00:00+00:00,1.0905407867050172,1.0905407867050172,1.0707801870538907,1693.7928954660822,0.85,2022-04-14 00:00:00+00:00,1.090643286705017,21.647582624493616,0.21647582624493614,breakeven_stop_partial,6,normal,1.1018325579342323,1.0707801870538907,3387.5857909321644,21.82119639627871,True,True
GBPUSD,sniper,short,2022-03-29 00:00:00+00:00,1.3098854162216187,1.3098854162216187,1.2785774417612787,2441.9109365358386,1.25,2022-04-25 00:00:00+00:00,1.2786899417612787,115.86502710241035,1.1586502710241036,take_profit_partial,19,normal,1.3241163137035914,1.2785774417612787,4883.821873071677,39.68845684728171,True,True
EURUSD,sniper,short,2022-04-25 00:00:00+00:00,1.0810020169830323,1.0810020169830323,1.0538912888638141,2827.8729541700095,1.25,2022-04-27 00:00:00+00:00,1.053993788863814,116.16123042359985,1.1616123042359985,take_profit_partial,2,normal,1.0933250752190407,1.0538912888638141,5655.745908340019,39.785392585208406,True,True
USDJPY,background,short,2022-05-20 00:00:00+00:00,127.82075073242187,127.82075073242187,125.34565399442444,1804.9487932148245,0.85,2022-05-24 00:00:00+00:00,127.83200073242188,-0.15886054343540482,-0.001588605434354048,breakeven_stop,2,normal,129.23509172556325,125.34565399442444,1804.9487932148245,0.0,True,False
USDJPY,background,long,2022-06-03 00:00:00+00:00,129.92924926757811,129.92924926757811,132.31018392378022,887.8152406812981,0.85,2022-06-07 00:00:00+00:00,132.29893392378023,26.80645494726825,0.26806454947268255,take_profit_partial,2,normal,128.56871517831976,132.31018392378022,1775.6304813625961,10.61424137530976,True,True
EURUSD,background,long,2022-05-25 00:00:00+00:00,1.0737550058746337,1.0621999808023372,1.0939762997511526,3394.200945131952,0.85,2022-06-10 00:00:00+00:00,1.0620974808023373,-39.56798261828765,-0.39567982618287656,stop_loss,12,normal,1.0621999808023372,1.0939762997511526,3394.200945131952,0.0,False,False
GBPUSD,sniper,short,2022-06-07 00:00:00+00:00,1.25220421333313,1.25220421333313,1.2170714658909363,2212.912231867781,1.25,2022-06-13 00:00:00+00:00,1.2171839658909362,117.88757200043808,1.178875720004381,take_profit_partial,4,normal,1.2681736439886724,1.2170714658909363,4425.824463735562,40.39083807257133,True,True
GBPUSD,background,short,2022-06-13 00:00:00+00:00,1.2276949026107788,1.2276949026107788,1.2021327029109437,1356.2765149500815,0.85,2022-06-14 00:00:00+00:00,1.2022452029109436,57.147004788545615,0.5714700478854562,take_profit_partial,1,normal,1.2423018738678275,1.2021327029109437,2712.553029900163,22.63017477312695,True,True
USDJPY,sniper,long,2022-06-28 00:00:00+00:00,135.44624755859374,135.44624755859374,139.13538648310276,1057.3822603859733,1.25,2022-07-14 00:00:00+00:00,139.12413648310277,43.67864977148819,0.4367864977148819,take_profit_partial,12,high,133.76936622927144,139.13538648310276,2114.7645207719465,14.966636153218296,True,True
GBPUSD,sniper,short,2022-06-29 00:00:00+00:00,1.2185228206634522,1.2185228206634522,1.1784111790618816,1963.7728481619492,1.25,2022-07-14 00:00:00+00:00,1.1785236790618816,119.50361086026845,1.1950361086026846,take_profit_partial,11,normal,1.2367553850278024,1.1784111790618816,3927.5456963238985,40.95438263331907,True,True
EURUSD,background,short,2022-08-04 00:00:00+00:00,1.015662094078064,1.0272723090846705,0.9953442178165031,3485.288046619239,0.85,2022-08-10 00:00:00+00:00,1.0273748090846704,-40.82218560598276,-0.40822185605982764,stop_loss,4,normal,1.0272723090846705,0.9953442178165031,3485.288046619239,0.0,False,False
EURUSD,background,long,2022-08-11 00:00:00+00:00,1.0301807918930053,1.0183706734896147,1.0508484990989386,3413.073209299042,0.85,2022-08-15 00:00:00+00:00,1.0182681734896148,-40.658638725214566,-0.40658638725214563,stop_loss,2,normal,1.0183706734896147,1.0508484990989386,3413.073209299042,0.0,False,False
EURUSD,background,short,2022-08-18 00:00:00+00:00,1.017916460952759,1.017916460952759,0.9984691379756432,1806.6301228690422,0.85,2022-08-22 00:00:00+00:00,0.9985716379756432,57.85189599561177,0.5785189599561177,take_profit_partial,2,normal,1.0290292169396822,0.9984691379756432,3613.2602457380844,22.902956083585348,True,True
USDJPY,background,long,2022-08-22 00:00:00+00:00,137.05225036621093,137.05225036621093,140.36579032218938,866.4484835793747,0.85,2022-09-02 00:00:00+00:00,140.3545403221894,34.57208019861377,0.3457208019861377,take_profit_partial,9,normal,135.15879896279466,140.36579032218938,1732.8969671587495,13.694902939199991,True,True
EURUSD,background,long,2022-09-13 00:00:00+00:00,1.0130582847976684,1.000926429395242,1.0342890317519144,3338.879321705359,0.85,2022-09-14 00:00:00+00:00,1.0008239293952421,-40.8490362675552,-0.408490362675552,stop_loss,1,normal,1.000926429395242,1.0342890317519144,3338.879321705359,0.0,False,False
USDJPY,sniper,long,2022-09-21 00:00:00+00:00,143.6132550048828,143.6132550048828,148.21478439532663,2020.022588757517,1.25,2022-09-22 00:00:00+00:00,143.6020050048828,-0.1582392525169682,-0.0015823925251696818,breakeven_stop,1,normal,141.52165073649925,148.21478439532663,2020.022588757517,0.0,True,False
GBPUSD,background,short,2022-10-11 00:00:00+00:00,1.10773662109375,1.1264290025370842,1.0750249535679153,2158.6306929663856,0.85,2022-10-13 00:00:00+00:00,1.1265415025370842,-40.59279426117511,-0.4059279426117511,stop_loss,2,high,1.1264290025370842,1.0750249535679153,2158.6306929663856,0.0,False,False
AUDUSD,background,long,2022-10-28 00:00:00+00:00,0.6451980799865723,0.6312196034964078,0.6696604138443601,2875.469361661066,0.85,2022-11-03 00:00:00+00:00,0.6311121034964078,-40.50379382654616,-0.40503793826546164,stop_loss,4,normal,0.6312196034964078,0.6696604138443601,2875.469361661066,0.0,False,False
USDJPY,background,short,2022-10-31 00:00:00+00:00,147.80074645996095,147.80074645996095,144.58547114205052,799.8582716912409,0.85,2022-11-10 00:00:00+00:00,144.5967211420505,28.712875674802106,0.2871287567480211,take_profit_partial,8,normal,149.63804664162404,144.58547114205052,1599.7165433824819,11.37354407722408,True,True
AUDUSD,background,long,2022-11-08 00:00:00+00:00,0.6475871533584595,0.6475871533584595,0.670877778363476,1505.8784575000727,0.85,2022-11-14 00:00:00+00:00,0.6707702783634759,57.796959745708065,0.5779695974570807,take_profit_partial,4,normal,0.6342782247841644,0.670877778363476,3011.7569150001455,22.885991223122602,True,True
AUDUSD,sniper,long,2022-12-02 00:00:00+00:00,0.6812090009880066,0.6665401742328043,0.7134804198494518,4946.655528775129,1.25,2022-12-20 00:00:00+00:00,0.6664326742328043,-73.09339843860957,-0.7309339843860957,stop_loss,12,normal,0.6665401742328043,0.7134804198494518,4946.655528775129,0.0,False,False
EURUSD,sniper,long,2022-12-02 00:00:00+00:00,1.0529446401977538,1.0529446401977538,1.0895991955559203,2177.568258194934,1.25,2023-01-03 00:00:00+00:00,1.052842140197754,41.27653746439859,0.4127653746439859,breakeven_stop_partial,22,normal,1.0362834786713144,1.0895991955559203,4355.136516389868,41.499738210863335,True,True
USDJPY,sniper,short,2023-01-02 00:00:00+00:00,130.83375122070314,133.5544507276008,124.84821230552828,2211.797059404424,1.25,2023-01-05 00:00:00+00:00,133.56570072760078,-46.1847025665761,-0.46184702566576097,stop_loss,3,normal,133.5544507276008,124.84821230552828,2211.797059404424,0.0,False,False
EURUSD,background,short,2023-01-09 00:00:00+00:00,1.0655298432922364,1.0764164506426392,1.0464782804290316,3680.8802512049974,0.85,2023-01-11 00:00:00+00:00,1.0765189506426391,-40.44958822446899,-0.4044958822446899,stop_loss,2,normal,1.0764164506426392,1.0464782804290316,3680.8802512049974,0.0,False,False
GBPUSD,background,short,2022-12-23 00:00:00+00:00,1.2037784196853638,1.2243528658753111,1.167773138852956,1956.3009306447022,0.85,2023-01-13 00:00:00+00:00,1.224465365875311,-40.46989208359071,-0.40469892083590703,stop_loss,15,low,1.2243528658753111,1.167773138852956,1956.3009306447022,0.0,False,False
EURUSD,background,long,2023-01-11 00:00:00+00:00,1.0739971199417113,1.0739971199417113,1.0921892072424755,1919.9490666376123,0.85,2023-01-25 00:00:00+00:00,1.0920867072424756,57.48689901079514,0.5748689901079514,take_profit_partial,10,normal,1.0636016414841318,1.0921892072424755,3839.8981332752246,22.755812756833183,True,True
EURUSD,background,short,2023-02-08 00:00:00+00:00,1.072870393714905,1.072870393714905,1.0551549164925718,1974.817521948997,0.85,2023-02-24 00:00:00+00:00,1.0552574164925717,57.57003155212668,0.5757003155212668,take_profit_partial,12,normal,1.082993523556238,1.0551549164925718,3949.635043897994,22.787615519774423,True,True
AUDUSD,background,short,2023-02-08 00:00:00+00:00,0.6963523298072815,0.6963523298072815,0.6779796210286858,1904.1740251774554,0.85,2023-02-24 00:00:00+00:00,0.6780871210286858,57.565471728712254,0.5756547172871225,take_profit_partial,12,normal,0.7068510205379075,0.6779796210286858,3808.348050354911,22.78533560806726,True,True
USDJPY,background,short,2023-03-15 00:00:00+00:00,134.38575317382814,134.38575317382814,131.1512892597649,884.7020987021366,0.85,2023-03-20 00:00:00+00:00,131.16253925976488,35.13817285473726,0.35138172854737265,take_profit_partial,3,normal,136.23401826757856,131.1512892597649,1769.4041974042732,13.918779823921277,True,True
USDJPY,background,short,2023-04-05 00:00:00+00:00,131.47375061035157,133.16645339314317,128.5115207404663,1814.608037869072,0.85,2023-04-10 00:00:00+00:00,133.17770339314316,-23.518051333050977,-0.23518051333050977,stop_loss,3,normal,133.16645339314317,128.5115207404663,1814.608037869072,0.0,False,False
USDJPY,background,long,2023-04-12 00:00:00+00:00,133.605244140625,133.605244140625,136.45883149251293,890.8488959489977,0.85,2023-04-28 00:00:00+00:00,136.44758149251294,31.380533573228014,0.31380533573228014,take_profit_partial,12,normal,131.97462279668903,136.45883149251293,1781.6977918979953,12.428484885836333,True,True
EURUSD,background,long,2023-06-15 00:00:00+00:00,1.0844071903610228,1.0844071903610228,1.0986510795611804,2493.2865093490686,0.85,2023-06-22 00:00:00+00:00,1.0985485795611805,58.34080807810115,0.5834080807810115,take_profit_partial,5,normal,1.07626782510379,1.0986510795611804,4986.573018698137,23.08227316189355,True,True
AUDUSD,sniper,long,2023-06-23 00:00:00+00:00,0.6761774152946473,0.6676483356868139,0.6949413904318805,8614.622023982098,1.25,2023-06-26 00:00:00+00:00,0.6675408356868139,-74.40086890151603,-0.7440086890151604,stop_loss,1,high,0.6676483356868139,0.6949413904318805,8614.622023982098,0.0,False,False
USDJPY,sniper,long,2023-06-08 00:00:00+00:00,139.9102520751953,139.9102520751953,144.49547452038857,1042.8322189446092,1.25,2023-06-28 00:00:00+00:00,144.48422452038858,51.87351064138496,0.5187351064138497,take_profit_partial,14,low,137.8260600546529,144.49547452038857,2085.6644378892183,17.78104233642607,True,True
AUDUSD,background,short,2023-06-28 00:00:00+00:00,0.668032672958374,0.668032672958374,0.6563283641826556,3044.516391877922,0.85,2023-07-03 00:00:00+00:00,0.668140172958374,22.762031211040796,0.22762031211040795,breakeven_stop_partial,3,high,0.6747208494016416,0.6563283641826556,6089.032783755844,23.089316723167787,True,True
EURUSD,sniper,long,2023-06-29 00:00:00+00:00,1.0916863479995726,1.0916863479995726,1.114084023169963,3602.6979051028407,1.25,2023-07-13 00:00:00+00:00,1.113981523169963,122.13344344857094,1.2213344344857093,take_profit_partial,10,normal,1.0815055865584862,1.114084023169963,7205.395810205681,41.8106625683047,True,True
USDJPY,background,short,2023-07-12 00:00:00+00:00,140.10674621582032,140.10674621582032,137.5380908542473,860.0903426036012,0.85,2023-07-14 00:00:00+00:00,137.54934085424728,25.992562539602986,0.2599256253960298,take_profit_partial,2,normal,141.57454927957636,137.5380908542473,1720.1806852072025,10.293106852983964,True,True
USDJPY,background,long,2023-07-26 00:00:00+00:00,140.92424438476561,139.43122973154624,143.53702002789956,1727.1762924629948,0.85,2023-07-27 00:00:00+00:00,139.41997973154625,-18.43636102484168,-0.18436361024841683,stop_loss,1,normal,139.43122973154624,143.53702002789956,1727.1762924629948,0.0,False,False
USDJPY,background,short,2023-07-28 00:00:00+00:00,138.85274841308595,140.14636751166907,136.58891499056548,1749.9559683808873,0.85,2023-07-31 00:00:00+00:00,140.15761751166906,-16.445216195706955,-0.16445216195706955,stop_loss,1,high,140.14636751166907,136.58891499056548,1749.9559683808873,0.0,False,False
GBPUSD,background,long,2023-07-28 00:00:00+00:00,1.2795393131256103,1.2698347401959253,1.296522315752559,4256.514283241909,0.85,2023-08-02 00:00:00+00:00,1.2697222401959254,-41.786511144831366,-0.4178651114483137,stop_loss,3,high,1.2698347401959253,1.296522315752559,4256.514283241909,0.0,False,False
GBPUSD,background,long,2023-10-12 00:00:00+00:00,1.231806483078003,1.2217929632871365,1.2493301427120194,4108.39185230131,0.85,2023-10-13 00:00:00+00:00,1.2216804632871365,-41.601657205037164,-0.4160165720503716,stop_loss,1,normal,1.2217929632871365,1.2493301427120194,4108.39185230131,0.0,False,False
USDJPY,sniper,long,2023-09-14 00:00:00+00:00,147.35724304199218,147.35724304199218,151.38971370114817,1002.2641222600142,1.25,2023-10-19 00:00:00+00:00,149.73075439453126,30.40410231635989,0.3040410231635989,time_exit_partial,25,low,145.5243018332849,151.38971370114817,2004.5282445200285,14.260442029848862,True,True
EURUSD,background,short,2023-10-16 00:00:00+00:00,1.052052875480652,1.0599335802415781,1.0382616421490312,5200.085274864172,0.85,2023-10-20 00:00:00+00:00,1.060036080241578,-41.51334552351719,-0.41513345523517187,stop_loss,4,normal,1.0599335802415781,1.0382616421490312,5200.085274864172,0.0,False,False
GBPUSD,background,short,2023-10-16 00:00:00+00:00,1.2153678276062012,1.225614749886408,1.1974357136158393,3999.282483287939,0.85,2023-10-24 00:00:00+00:00,1.225727249886408,-41.43025606221389,-0.4143025606221389,stop_loss,6,normal,1.225614749886408,1.1974357136158393,3999.282483287939,0.0,False,False
GBPUSD,sniper,short,2023-10-19 00:00:00+00:00,1.2142460681915284,1.2264928409595652,1.1873031681018473,6023.501630628701,1.25,2023-10-24 00:00:00+00:00,1.2266053409595652,-74.44609967165476,-0.7444609967165476,stop_loss,3,normal,1.2264928409595652,1.1873031681018473,6023.501630628701,0.0,False,False
EURUSD,background,long,2023-10-24 00:00:00+00:00,1.0670878687286376,1.0593422869455997,1.080642636848954,5221.050117202397,0.85,2023-10-25 00:00:00+00:00,1.0592397869455998,-40.975228313143255,-0.4097522831314326,stop_loss,1,normal,1.0593422869455997,1.080642636848954,5221.050117202397,0.0,False,False
EURUSD,background,long,2023-11-01 00:00:00+00:00,1.0580124655151366,1.0580124655151366,1.0720727818972289,2506.908231399851,0.85,2023-11-03 00:00:00+00:00,1.071970281897229,57.896927432920705,0.578969274329207,take_profit_partial,2,normal,1.0499779990110838,1.0720727818972289,5013.816462799702,22.90596265228566,True,True
EURUSD,background,short,2023-12-07 00:00:00+00:00,1.0765671929931642,1.0846899325108745,1.0623523988371713,4986.593019134655,0.85,2023-12-14 00:00:00+00:00,1.0847924325108744,-41.01592195972447,-0.41015921959724466,stop_loss,5,normal,1.0846899325108745,1.0623523988371713,4986.593019134655,0.0,False,False
GBPUSD,sniper,long,2023-12-15 00:00:00+00:00,1.277219023513794,1.2638049086347742,1.3067300762476373,5406.301825658738,1.25,2023-12-18 00:00:00+00:00,1.2636924086347743,-73.12896271542647,-0.7312896271542647,stop_loss,1,normal,1.2638049086347742,1.3067300762476373,5406.301825658738,0.0,False,False
AUDUSD,background,long,2023-12-15 00:00:00+00:00,0.6703757375907898,0.6703757375907898,0.6836858251546467,2652.455990253194,0.85,2023-12-25 00:00:00+00:00,0.6835783251546467,57.93419185905864,0.5793419185905865,take_profit_partial,6,normal,0.6627699732685859,0.6836858251546467,5304.911980506388,22.914909388464245,True,True
USDJPY,sniper,short,2023-12-22 00:00:00+00:00,142.05875732421876,143.83270658546456,138.156068949478,2032.2726596486266,1.25,2024-01-04 00:00:00+00:00,143.84395658546455,-25.53881027112317,-0.25538810271123175,stop_loss,9,high,143.83270658546456,138.156068949478,2032.2726596486266,0.0,False,False
GBPUSD,background,long,2024-01-09 00:00:00+00:00,1.2743062637329101,1.2640811504297162,1.2922002120134994,3930.7245928904163,0.85,2024-01-16 00:00:00+00:00,1.2639686504297163,-40.634310842655104,-0.4063431084265511,stop_loss,5,normal,1.2640811504297162,1.2922002120134994,3930.7245928904163,0.0,False,False
USDJPY,background,long,2024-01-08 00:00:00+00:00,144.72725341796874,144.72725341796874,147.658177615024,816.7920606185569,0.85,2024-01-17 00:00:00+00:00,147.646927615024,27.28407077553782,0.2728407077553782,take_profit_partial,7,normal,143.05243959108003,147.658177615024,1633.5841212371138,10.80640919192131,True,True
GBPUSD,sniper,long,2024-01-09 00:00:00+00:00,1.2743062637329101,1.2615248721039176,1.3024253253166933,5652.022290430591,1.25,2024-01-17 00:00:00+00:00,1.2614123721039177,-72.87656289746178,-0.7287656289746178,stop_loss,6,normal,1.2615248721039176,1.3024253253166933,5652.022290430591,0.0,False,False
GBPUSD,background,short,2024-01-18 00:00:00+00:00,1.2676520683288575,1.2676520683288575,1.2470101984746098,1689.7452217421755,0.85,2024-02-13 00:00:00+00:00,1.2677645683288574,22.540622237762072,0.2254062223776207,breakeven_stop_partial,18,low,1.2794474225312846,1.2470101984746098,3379.490443484351,22.730718575207998,True,True
USDJPY,background,short,2024-03-08 00:00:00+00:00,147.85674621582032,147.85674621582032,145.76386990836608,1589.3167545056972,0.85,2024-03-12 00:00:00+00:00,147.8679962158203,-0.12092659919672799,-0.0012092659919672798,breakeven_stop,2,normal,149.05267553436562,145.76386990836608,1589.3167545056972,0.0,True,False
EURUSD,background,long,2024-03-22 00:00:00+00:00,1.0863387384796142,1.0801468424179757,1.0971745565874818,6451.665490305731,0.85,2024-03-28 00:00:00+00:00,1.0800443424179758,-40.60933785318875,-0.40609337853188754,stop_loss,4,normal,1.0801468424179757,1.0971745565874818,6451.665490305731,0.0,False,False
USDJPY,background,long,2024-03-21 00:00:00+00:00,150.77124450683593,150.77124450683593,153.13817777497238,779.2881326530533,0.85,2024-04-11 00:00:00+00:00,153.1269277749724,20.15705416670091,0.20157054166700908,take_profit_partial,15,normal,149.41871121075795,153.13817777497238,1558.5762653061065,7.981284037902439,True,True
USDJPY,sniper,long,2024-04-09 00:00:00+00:00,151.85425231933593,151.85425231933593,154.75983411855594,941.9933421261775,1.25,2024-04-16 00:00:00+00:00,154.74858411855595,27.306239874725208,0.2730623987472521,take_profit_partial,5,low,150.53353331969046,154.75983411855594,1883.986684252355,9.351910357262089,True,True
USDJPY,background,long,2024-05-10 00:00:00+00:00,155.40025756835936,155.40025756835936,157.48649057535232,1513.142261619586,0.85,2024-05-15 00:00:00+00:00,155.38900756835938,-0.10954197058339264,-0.0010954197058339265,breakeven_stop,3,high,154.20812442150626,157.48649057535232,1513.142261619586,0.0,True,False
USDJPY,sniper,long,2024-05-10 00:00:00+00:00,155.40025756835936,153.91009113479296,158.67862372220546,1849.3960975350496,1.25,2024-05-16 00:00:00+00:00,153.89884113479297,-17.8681408670846,-0.178681408670846,stop_loss,4,high,153.91009113479296,158.67862372220546,1849.3960975350496,0.0,False,False
USDJPY,background,short,2024-07-15 00:00:00+00:00,158.30175354003907,158.30175354003907,155.83914805437908,741.4264026773205,0.85,2024-07-17 00:00:00+00:00,158.31300354003906,7.474055537263846,0.07474055537263845,breakeven_stop_partial,2,normal,159.70895667470194,155.83914805437908,1482.852805354641,7.526746343547319,True,True
AUDUSD,background,short,2024-07-23 00:00:00+00:00,0.6639030843544006,0.6639030843544006,0.6528361278805002,3157.356041137494,0.85,2024-07-25 00:00:00+00:00,0.6529436278805002,57.22558756637696,0.5722558756637696,take_profit_partial,2,low,0.6702270594823437,0.6528361278805002,6314.712082274988,22.622681460924124,True,True
EURUSD,background,short,2024-07-31 00:00:00+00:00,1.081504722557068,1.0879912662845548,1.070153271033966,6190.194918554507,0.85,2024-08-02 00:00:00+00:00,1.0880937662845547,-40.78746500002161,-0.40787465000021617,stop_loss,2,low,1.0879912662845548,1.070153271033966,6190.194918554507,0.0,False,False
GBPUSD,background,short,2024-07-31 00:00:00+00:00,1.283699903678894,1.283699903678894,1.2690707120943427,2401.6261298651434,0.85,2024-08-02 00:00:00+00:00,1.283812403678894,22.54759188278095,0.22547591882780949,breakeven_stop_partial,2,low,1.292059441727209,1.2690707120943427,4803.252259730287,22.817774822390682,True,True
EURUSD,background,long,2024-08-06 00:00:00+00:00,1.0952007570648192,1.0896361144114193,1.1049388817082693,7203.194347386611,0.85,2024-08-08 00:00:00+00:00,1.0895336144114194,-40.82152992680335,-0.4082152992680335,stop_loss,2,high,1.0896361144114193,1.1049388817082693,7203.194347386611,0.0,False,False
GBPUSD,sniper,long,2024-09-04 00:00:00+00:00,1.3114674947738647,1.3114674947738647,1.3345149179895275,6850.289114631472,1.25,2024-09-09 00:00:00+00:00,1.3113549947738647,-0.7706575253957656,-0.007706575253957656,breakeven_stop,3,normal,1.3009913933122,1.3345149179895275,6850.289114631472,0.0,True,False
EURUSD,background,long,2024-09-06 00:00:00+00:00,1.1112136640930175,1.1044867756157175,1.1229857189282926,5945.84998798869,0.85,2024-09-09 00:00:00+00:00,1.1043842756157176,-40.60651939572346,-0.4060651939572346,stop_loss,1,normal,1.1044867756157175,1.1229857189282926,5945.84998798869,0.0,False,False
EURUSD,sniper,long,2024-09-09 00:00:00+00:00,1.1088237562561034,1.1003359271536848,1.127496980281424,8436.278479630406,1.25,2024-09-11 00:00:00+00:00,1.1002334271536849,-72.47040853967619,-0.7247040853967619,stop_loss,2,normal,1.1003359271536848,1.127496980281424,8436.278479630406,0.0,False,False
AUDUSD,background,short,2024-09-10 00:00:00+00:00,0.6656803756523132,0.6718554529729078,0.6548739903412726,6451.547082230808,0.85,2024-09-13 00:00:00+00:00,0.6719629529729079,-40.53234338157201,-0.4053234338157201,stop_loss,3,normal,0.6718554529729078,0.6548739903412726,6451.547082230808,0.0,False,False
USDJPY,sniper,short,2024-08-21 00:00:00+00:00,145.33575012207032,145.33575012207032,140.1612605965754,987.566015193658,1.25,2024-09-16 00:00:00+00:00,140.1725105965754,53.38772141699951,0.5338772141699951,take_profit_partial,18,high,147.68779081547711,140.1612605965754,1975.132030387316,18.303168033536462,True,True
GBPUSD,background,long,2024-09-17 00:00:00+00:00,1.3211862705230712,1.3211862705230712,1.336456706481559,4531.392480840307,0.85,2024-09-19 00:00:00+00:00,1.3210737705230713,-0.5097816540943526,-0.005097816540943526,breakeven_stop,2,normal,1.3124603071182213,1.336456706481559,4531.392480840307,0.0,True,False
AUDUSD,background,long,2024-09-18 00:00:00+00:00,0.6763771504592896,0.6763771504592896,0.6863542666397557,3467.7524762576845,0.85,2024-09-19 00:00:00+00:00,0.6762696504592896,21.99037307007873,0.21990373070078728,breakeven_stop_partial,1,normal,0.670675941213309,0.6863542666397557,6935.504952515369,22.36315646127656,True,True
EURUSD,background,long,2024-09-18 00:00:00+00:00,1.1124124327087401,1.1124124327087401,1.1234876132241434,3123.9372841465556,0.85,2024-10-01 00:00:00+00:00,1.1123099327087402,22.095532709224777,0.22095532709224774,breakeven_stop_partial,9,normal,1.1060837581285097,1.1234876132241434,6247.874568293111,22.41573628084947,True,True
EURUSD,sniper,long,2024-09-26 00:00:00+00:00,1.1132048168563842,1.1045476151170932,1.1322506606828242,8244.210055722791,1.25,2024-10-02 00:00:00+00:00,1.1044451151170933,-72.21682116419413,-0.7221682116419413,stop_loss,4,normal,1.1045476151170932,1.1322506606828242,8244.210055722791,0.0,False,False
EURUSD,background,short,2024-10-03 00:00:00+00:00,1.1047477922058107,1.1047477922058107,1.094498227295726,3366.2221577691366,0.85,2024-10-09 00:00:00+00:00,1.0946007272957259,56.48518518490209,0.5648518518490209,take_profit_partial,4,high,1.1106046864401447,1.094498227295726,6732.444315538273,22.32791044825305,True,True
AUDUSD,background,short,2024-10-09 00:00:00+00:00,0.6738522916603088,0.6738522916603088,0.6644069405963273,3672.850392430223,0.85,2024-10-23 00:00:00+00:00,0.6645144405963274,56.69887885120308,0.5669887885120308,take_profit_partial,10,high,0.679249635125441,0.6644069405963273,7345.700784860446,22.402348906403876,True,True
EURUSD,sniper,short,2024-12-04 00:00:00+00:00,1.0509801110839845,1.0625964924148497,1.0254240721560812,6174.248278743068,1.25,2024-12-06 00:00:00+00:00,1.0626989924148496,-72.35528288588795,-0.7235528288588794,stop_loss,2,normal,1.0625964924148497,1.0254240721560812,6174.248278743068,0.0,False,False
USDJPY,background,short,2024-11-28 00:00:00+00:00,151.32474853515626,151.32474853515626,148.23033638441194,774.807039466623,0.85,2024-12-10 00:00:00+00:00,151.33599853515625,10.296493994291799,0.102964939942918,breakeven_stop_partial,8,normal,153.09298404986728,148.23033638441194,1549.614078933246,10.35409580284175,True,True
AUDUSD,sniper,short,2024-12-03 00:00:00+00:00,0.6474141150283813,0.6474141150283813,0.6308779308845882,4771.032058847906,1.25,2024-12-18 00:00:00+00:00,0.6309854308845882,119.10928568985436,1.1910928568985437,take_profit_partial,11,normal,0.6549305623664691,0.6308779308845882,9542.064117695812,40.7275069551314,True,True
USDJPY,background,long,2024-12-16 00:00:00+00:00,153.4642529296875,153.4642529296875,156.35818272769055,762.4414236869844,0.85,2024-12-19 00:00:00+00:00,156.34693272769056,23.713999161021054,0.23713999161021054,take_profit_partial,3,normal,151.81057875940002,156.35818272769055,1524.8828473739688,9.392263334827286,True,True
GBPUSD,background,short,2024-12-17 00:00:00+00:00,1.2694063522338868,1.2694063522338868,1.2522508239723695,2029.0679340952422,0.85,2024-12-20 00:00:00+00:00,1.2523633239723695,57.228158934792674,0.5722815893479267,take_profit_partial,3,normal,1.279209511240468,1.2522508239723695,4058.1358681904844,22.646696789469,True,True
GBPUSD,sniper,short,2024-12-20 00:00:00+00:00,1.249637518119812,1.2623313563049585,1.22171107411249,5741.3903857215455,1.25,2024-12-25 00:00:00+00:00,1.2624438563049585,-73.5261869324984,-0.735261869324984,stop_loss,3,normal,1.2623313563049585,1.22171107411249,5741.3903857215455,0.0,False,False
EURUSD,sniper,short,2024-12-12 00:00:00+00:00,1.0505825481033326,1.0505825481033326,1.0267283260190923,3297.3216956783845,1.25,2025-01-02 00:00:00+00:00,1.0268308260190921,119.09422970686475,1.1909422970686474,take_profit_partial,14,normal,1.0614253763234418,1.0267283260190923,6594.643391356769,40.7771611687752,True,True
EURUSD,sniper,short,2025-01-02 00:00:00+00:00,1.0350835523223878,1.0350835523223878,1.0128773981115284,3611.815843755423,1.25,2025-01-20 00:00:00+00:00,1.0351860523223877,41.184678001488194,0.41184678001488195,breakeven_stop_partial,12,normal,1.0451772587818693,1.0128773981115284,7223.631687510846,41.55488912547274,True,True
EURUSD,background,long,2025-01-22 00:00:00+00:00,1.0406960049057006,1.0406960049057006,1.0566769209149718,2229.742029847526,0.85,2025-01-29 00:00:00+00:00,1.0405935049057007,22.959084664759516,0.2295908466475952,breakeven_stop_partial,5,normal,1.0315640529004027,1.0566769209149718,4459.484059695052,23.18763322281865,True,True
AUDUSD,background,long,2025-01-22 00:00:00+00:00,0.6264973015022278,0.6196507154533445,0.6384788270877737,5948.04390257658,0.85,2025-02-03 00:00:00+00:00,0.6195432154533445,-41.36320912105358,-0.4136320912105358,stop_loss,8,normal,0.6196507154533445,0.6384788270877737,5948.04390257658,0.0,False,False
USDJPY,background,short,2025-01-20 00:00:00+00:00,156.29474975585939,156.29474975585939,153.33843185262288,766.3460613612323,0.85,2025-02-05 00:00:00+00:00,153.34968185262287,23.910707611293866,0.23910707611293863,take_profit_partial,12,normal,157.98407427199453,153.33843185262288,1532.6921227224645,9.47041968343864,True,True
EURUSD,background,short,2025-02-04 00:00:00+00:00,1.0326353511428834,1.0420965142458345,1.016078315712719,4300.699875692711,0.85,2025-02-05 00:00:00+00:00,1.0421990142458344,-41.13044471802826,-0.4113044471802826,stop_loss,1,normal,1.0420965142458345,1.016078315712719,4300.699875692711,0.0,False,False
AUDUSD,background,long,2025-02-07 00:00:00+00:00,0.6282876462173462,0.6282876462173462,0.6394955547579331,3168.6635701086534,0.85,2025-02-20 00:00:00+00:00,0.639388054757933,58.17066037244591,0.5817066037244591,take_profit_partial,9,normal,0.6218831270512967,0.6394955547579331,6337.327140217307,22.99720021656554,True,True
USDJPY,background,long,2025-03-25 00:00:00+00:00,150.7852520751953,148.85933445338063,154.155607913371,1592.0591134946078,0.85,2025-03-31 00:00:00+00:00,148.84808445338064,-20.453494783022336,-0.20453494783022336,stop_loss,4,low,148.85933445338063,154.155607913371,1592.0591134946078,0.0,False,False
EURUSD,sniper,long,2025-04-01 00:00:00+00:00,1.0819905796432494,1.0819905796432494,1.1057206014763197,3393.6685736426048,1.25,2025-04-03 00:00:00+00:00,1.1056181014763198,121.93231081130894,1.2193231081130895,take_profit_partial,2,normal,1.071204206082763,1.1057206014763197,6787.3371472852095,41.74833249336349,True,True
EURUSD,background,long,2025-04-01 00:00:00+00:00,1.0819905796432494,1.0819905796432494,1.0970915026279304,2360.142235305981,0.85,2025-04-03 00:00:00+00:00,1.0969890026279305,58.57728271143184,0.5857728271143183,take_profit_partial,2,normal,1.0733614807948602,1.0970915026279304,4720.284470611962,23.178871162301924,True,True
EURUSD,background,long,2025-04-04 00:00:00+00:00,1.1044769087219237,1.0955768194021094,1.1200520650315988,4654.138739083563,0.85,2025-04-07 00:00:00+00:00,1.0954743194021095,-41.89929970540738,-0.41899299705407383,stop_loss,1,high,1.0955768194021094,1.1200520650315988,4654.138739083563,0.0,False,False
GBPUSD,sniper,long,2025-04-04 00:00:00+00:00,1.3091158531188964,1.2958818786232493,1.33823059700932,5625.8048125710375,1.25,2025-04-07 00:00:00+00:00,1.2957693786232494,-75.08466044846793,-0.7508466044846793,stop_loss,1,normal,1.2958818786232493,1.33823059700932,5625.8048125710375,0.0,False,False
USDJPY,background,short,2025-04-04 00:00:00+00:00,146.2197528076172,147.63121519332628,143.74969363262628,1666.3979543798464,0.85,2025-04-07 00:00:00+00:00,147.64246519332627,-16.21398589242431,-0.16213985892424312,stop_loss,1,high,147.63121519332628,143.74969363262628,1666.3979543798464,0.0,False,False
GBPUSD,background,short,2025-04-09 00:00:00+00:00,1.2786435224533081,1.2889226332559998,1.2606550785485977,3980.185555574671,0.85,2025-04-10 00:00:00+00:00,1.2890351332559997,-41.36053921602672,-0.41360539216026726,stop_loss,1,high,1.2889226332559998,1.2606550785485977,3980.185555574671,0.0,False,False
USDJPY,background,long,2025-05-06 00:00:00+00:00,143.6652569580078,143.6652569580078,147.17049928928319,834.3448378761808,0.85,2025-05-12 00:00:00+00:00,147.1592492892832,33.60363946122592,0.33603639461225915,take_profit_partial,4,normal,141.66226134013615,147.17049928928319,1668.6896757523616,13.312063565247986,True,True
EURUSD,sniper,long,2025-05-08 00:00:00+00:00,1.1307230987930297,1.1166445310337554,1.1616959478634332,5203.062489976702,1.25,2025-05-12 00:00:00+00:00,1.1165420310337555,-73.7849817260975,-0.737849817260975,stop_loss,2,normal,1.1166445310337554,1.1616959478634332,5203.062489976702,0.0,False,False
USDJPY,background,long,2025-05-12 00:00:00+00:00,145.82324645996093,145.82324645996093,149.41650032809136,818.8977294328512,0.85,2025-05-14 00:00:00+00:00,145.81199645996094,13.133863014651595,0.13133863014651595,breakeven_stop_partial,2,normal,143.76995853531497,149.41650032809136,1637.7954588657024,13.197039494943718,True,True
GBPUSD,background,short,2025-05-14 00:00:00+00:00,1.3303470947265625,1.343119674399224,1.307995080299405,3182.685777830879,0.85,2025-05-21 00:00:00+00:00,1.343232174399224,-41.00915982039717,-0.4100915982039717,stop_loss,5,normal,1.343119674399224,1.307995080299405,3182.685777830879,0.0,False,False
EURUSD,background,long,2025-05-23 00:00:00+00:00,1.1282868185424804,1.1282868185424804,1.1474374248318369,1857.5150420602447,0.85,2025-05-29 00:00:00+00:00,1.1281843185424805,22.99544949301266,0.22995449493012662,breakeven_stop_partial,4,normal,1.1173436149485625,1.1474374248318369,3715.0300841204894,23.18584478482364,True,True
GBPUSD,sniper,long,2025-05-08 00:00:00+00:00,1.3292457721710205,1.3292457721710205,1.3630748564876989,2381.8804508177827,1.25,2025-06-12 00:00:00+00:00,1.3566291667938233,107.07571977536938,1.0707571977536938,time_exit_partial,25,normal,1.3138689156634393,1.3630748564876989,4763.7609016355655,41.85174744628657,True,True
GBPUSD,background,short,2025-06-19 00:00:00+00:00,1.3413950540542603,1.3538169528651463,1.3196567311352099,3299.9600528549345,0.85,2025-06-24 00:00:00+00:00,1.3539294528651462,-41.36301536247591,-0.4136301536247592,stop_loss,3,low,1.3538169528651463,1.3196567311352099,3299.9600528549345,0.0,False,False
EURUSD,background,short,2025-07-16 00:00:00+00:00,1.1606366834259034,1.1714326983183987,1.1417436573640367,3782.280473802737,0.85,2025-07-21 00:00:00+00:00,1.1715351983183986,-41.22124007133278,-0.41221240071332776,stop_loss,3,low,1.1714326983183987,1.1417436573640367,3782.280473802737,0.0,False,False
EURUSD,background,long,2025-07-24 00:00:00+00:00,1.1775289574050902,1.167214210917781,1.1955797637578816,3943.469200095338,0.85,2025-07-28 00:00:00+00:00,1.167111710917781,-41.080090672504895,-0.41080090672504893,stop_loss,2,low,1.167214210917781,1.1955797637578816,3943.469200095338,0.0,False,False
GBPUSD,sniper,short,2025-10-23 00:00:00+00:00,1.334911856842041,1.334911856842041,1.3039097644946545,2584.038747207583,1.25,2025-11-04 00:00:00+00:00,1.3040222644946544,121.40519872052286,1.2140519872052287,take_profit_partial,8,low,1.349003716999944,1.3039097644946545,5168.077494415166,41.585295209428935,True,True
GBPUSD,sniper,short,2025-11-14 00:00:00+00:00,1.3152443506240845,1.3268720338299964,1.2896634475710782,6335.095717112011,1.25,2025-11-27 00:00:00+00:00,1.3269845338299964,-74.37518434588257,-0.7437518434588257,stop_loss,9,normal,1.3268720338299964,1.2896634475710782,6335.095717112011,0.0,False,False
USDJPY,background,short,2025-12-05 00:00:00+00:00,155.09075500488282,156.51345555965185,152.60102903403703,1547.000918589325,0.85,2025-12-09 00:00:00+00:00,156.52470555965184,-14.303385300880722,-0.14303385300880722,stop_loss,2,low,156.51345555965185,152.60102903403703,1547.000918589325,0.0,False,False
GBPUSD,background,long,2025-11-28 00:00:00+00:00,1.3242475650787353,1.3242475650787353,1.3430907245837513,1889.8801491315564,0.85,2025-12-11 00:00:00+00:00,1.3429782245837514,58.58781009604705,0.5858781009604705,take_profit_partial,9,low,1.3134800453615834,1.3430907245837513,3779.760298263113,23.189108517374887,True,True
USDJPY,background,long,2025-12-11 00:00:00+00:00,155.75525329589843,154.5443106984234,157.87440284147974,1543.4483266950365,0.85,2025-12-16 00:00:00+00:00,154.5330606984234,-12.111251977409529,-0.12111251977409529,stop_loss,3,normal,154.5443106984234,157.87440284147974,1543.4483266950365,0.0,False,False
EURUSD,sniper,long,2025-12-24 00:00:00+00:00,1.1796676912689208,1.1723902687872614,1.1956780207285713,10082.188774028873,1.25,2025-12-31 00:00:00+00:00,1.1722877687872615,-74.40577159778877,-0.7440577159778877,stop_loss,4,normal,1.1723902687872614,1.1956780207285713,10082.188774028873,0.0,False,False
